<?xml version="1.0" encoding="UTF-8" standalone="no" ?>
<COLLADA xmlns="http://www.collada.org/2005/11/COLLADASchema" version="1.4.1">
    <asset>
        <contributor>
            <authoring_tool>SketchUp 17.0.1</authoring_tool>
        </contributor>
        <created>2021-06-20T18:09:23Z</created>
        <modified>2021-06-20T18:09:23Z</modified>
        <unit meter="0.0254" name="inch" />
        <up_axis>Z_UP</up_axis>
    </asset>
    <library_cameras>
        <camera id="ID1" name="skp_camera_Last_Saved_SketchUp_View">
            <optics>
                <technique_common>
                    <perspective>
                        <yfov>35</yfov>
                        <aspect_ratio>0</aspect_ratio>
                        <znear>1</znear>
                        <zfar>1000</zfar>
                    </perspective>
                </technique_common>
            </optics>
        </camera>
    </library_cameras>
    <library_visual_scenes>
        <visual_scene id="ID2">
            <node name="SketchUp">
                <node name="skp_camera_Last_Saved_SketchUp_View">
                    <matrix>0.9684899 -0.01938692 0.2482972 104.3073 0.2490529 0.07538974 -0.9655511 -139.3904 -3.469447e-18 0.9969656 0.07784257 56.15653 0 0 0 1</matrix>
                    <instance_camera url="#ID1" />
                </node>
                <node id="ID3" name="group_0">
                    <matrix>1 0 0 44.96888 0 1 0 7.414428 0 0 1 3.268497e-13 0 0 0 1</matrix>
                    <instance_geometry url="#ID4">
                        <bind_material>
                            <technique_common>
                                <instance_material symbol="Material2" target="#ID6">
                                    <bind_vertex_input semantic="UVSET0" input_semantic="TEXCOORD" input_set="0" />
                                </instance_material>
                                <instance_material symbol="Material3" target="#ID12">
                                    <bind_vertex_input semantic="UVSET0" input_semantic="TEXCOORD" input_set="0" />
                                </instance_material>
                                <instance_material symbol="Material4" target="#ID13">
                                    <bind_vertex_input semantic="UVSET0" input_semantic="TEXCOORD" input_set="0" />
                                </instance_material>
                            </technique_common>
                        </bind_material>
                    </instance_geometry>
                </node>
                <node id="ID18" name="group_1">
                    <matrix>1 0 0 9.142113 0 1 0 6.823877 0 0 1 0 0 0 0 1</matrix>
                    <node id="ID19" name="group_2">
                        <matrix>1 0 0 3.937008 0 1 0 0.5905512 0 0 1 83.07087 0 0 0 1</matrix>
                        <instance_geometry url="#ID20">
                            <bind_material>
                                <technique_common>
                                    <instance_material symbol="Material2" target="#ID6">
                                        <bind_vertex_input semantic="UVSET0" input_semantic="TEXCOORD" input_set="0" />
                                    </instance_material>
                                    <instance_material symbol="Material3" target="#ID12">
                                        <bind_vertex_input semantic="UVSET0" input_semantic="TEXCOORD" input_set="0" />
                                    </instance_material>
                                    <instance_material symbol="Material4" target="#ID13">
                                        <bind_vertex_input semantic="UVSET0" input_semantic="TEXCOORD" input_set="0" />
                                    </instance_material>
                                </technique_common>
                            </bind_material>
                        </instance_geometry>
                    </node>
                    <node id="ID28" name="group_3">
                        <matrix>1 0 0 75.59055 0 1 0 0.5905512 0 0 1 7.874016 0 0 0 1</matrix>
                        <instance_geometry url="#ID29">
                            <bind_material>
                                <technique_common>
                                    <instance_material symbol="Material2" target="#ID6">
                                        <bind_vertex_input semantic="UVSET0" input_semantic="TEXCOORD" input_set="0" />
                                    </instance_material>
                                    <instance_material symbol="Material3" target="#ID12">
                                        <bind_vertex_input semantic="UVSET0" input_semantic="TEXCOORD" input_set="0" />
                                    </instance_material>
                                    <instance_material symbol="Material4" target="#ID13">
                                        <bind_vertex_input semantic="UVSET0" input_semantic="TEXCOORD" input_set="0" />
                                    </instance_material>
                                </technique_common>
                            </bind_material>
                        </instance_geometry>
                    </node>
                    <node id="ID37" name="group_4">
                        <matrix>1 0 0 3.670664e-11 0 1 0 0.5905512 0 0 1 7.874016 0 0 0 1</matrix>
                        <instance_geometry url="#ID38">
                            <bind_material>
                                <technique_common>
                                    <instance_material symbol="Material2" target="#ID6">
                                        <bind_vertex_input semantic="UVSET0" input_semantic="TEXCOORD" input_set="0" />
                                    </instance_material>
                                    <instance_material symbol="Material3" target="#ID12">
                                        <bind_vertex_input semantic="UVSET0" input_semantic="TEXCOORD" input_set="0" />
                                    </instance_material>
                                    <instance_material symbol="Material4" target="#ID13">
                                        <bind_vertex_input semantic="UVSET0" input_semantic="TEXCOORD" input_set="0" />
                                    </instance_material>
                                </technique_common>
                            </bind_material>
                        </instance_geometry>
                    </node>
                </node>
                <node id="ID46" name="group_5">
                    <matrix>1 0 0 9.142113 0 -1 0 13.94986 -0 0 1 -8.519137e-12 0 0 0 1</matrix>
                    <node id="ID47" name="group_2">
                        <matrix>1 0 0 3.937008 0 1 0 0.5905512 0 0 1 83.07087 0 0 0 1</matrix>
                        <instance_geometry url="#ID48">
                            <bind_material>
                                <technique_common>
                                    <instance_material symbol="Material2" target="#ID6">
                                        <bind_vertex_input semantic="UVSET0" input_semantic="TEXCOORD" input_set="0" />
                                    </instance_material>
                                    <instance_material symbol="Material3" target="#ID12">
                                        <bind_vertex_input semantic="UVSET0" input_semantic="TEXCOORD" input_set="0" />
                                    </instance_material>
                                    <instance_material symbol="Material4" target="#ID13">
                                        <bind_vertex_input semantic="UVSET0" input_semantic="TEXCOORD" input_set="0" />
                                    </instance_material>
                                </technique_common>
                            </bind_material>
                        </instance_geometry>
                    </node>
                    <node id="ID56" name="group_3">
                        <matrix>1 0 0 75.59055 0 1 0 0.5905512 0 0 1 7.874016 0 0 0 1</matrix>
                        <instance_geometry url="#ID57">
                            <bind_material>
                                <technique_common>
                                    <instance_material symbol="Material2" target="#ID6">
                                        <bind_vertex_input semantic="UVSET0" input_semantic="TEXCOORD" input_set="0" />
                                    </instance_material>
                                    <instance_material symbol="Material3" target="#ID12">
                                        <bind_vertex_input semantic="UVSET0" input_semantic="TEXCOORD" input_set="0" />
                                    </instance_material>
                                    <instance_material symbol="Material4" target="#ID13">
                                        <bind_vertex_input semantic="UVSET0" input_semantic="TEXCOORD" input_set="0" />
                                    </instance_material>
                                </technique_common>
                            </bind_material>
                        </instance_geometry>
                    </node>
                    <node id="ID65" name="group_4">
                        <matrix>1 0 0 3.670664e-11 0 1 0 0.5905512 0 0 1 7.874016 0 0 0 1</matrix>
                        <instance_geometry url="#ID66">
                            <bind_material>
                                <technique_common>
                                    <instance_material symbol="Material2" target="#ID6">
                                        <bind_vertex_input semantic="UVSET0" input_semantic="TEXCOORD" input_set="0" />
                                    </instance_material>
                                    <instance_material symbol="Material3" target="#ID12">
                                        <bind_vertex_input semantic="UVSET0" input_semantic="TEXCOORD" input_set="0" />
                                    </instance_material>
                                    <instance_material symbol="Material4" target="#ID13">
                                        <bind_vertex_input semantic="UVSET0" input_semantic="TEXCOORD" input_set="0" />
                                    </instance_material>
                                </technique_common>
                            </bind_material>
                        </instance_geometry>
                    </node>
                </node>
                <node id="ID74" name="group_6">
                    <matrix>1 0 0 13.47282 0 1 0 10.99711 0 0 1 4.263294e-13 0 0 0 1</matrix>
                    <node id="ID75" name="group_7">
                        <matrix>1 0 0 35.5315 0 -1 0 2.362205 -0 0 1 0 0 0 0 1</matrix>
                        <node id="ID76" name="group_8">
                            <matrix>1 0 0 0 0 1 0 0.3937008 0 0 1 0 0 0 0 1</matrix>
                            <instance_geometry url="#ID77">
                                <bind_material>
                                    <technique_common>
                                        <instance_material symbol="Material2" target="#ID6">
                                            <bind_vertex_input semantic="UVSET0" input_semantic="TEXCOORD" input_set="0" />
                                        </instance_material>
                                        <instance_material symbol="Material3" target="#ID12">
                                            <bind_vertex_input semantic="UVSET0" input_semantic="TEXCOORD" input_set="0" />
                                        </instance_material>
                                        <instance_material symbol="Material4" target="#ID13">
                                            <bind_vertex_input semantic="UVSET0" input_semantic="TEXCOORD" input_set="0" />
                                        </instance_material>
                                    </technique_common>
                                </bind_material>
                            </instance_geometry>
                            <instance_geometry url="#ID85">
                                <bind_material>
                                    <technique_common>
                                        <instance_material symbol="Material2" target="#ID6">
                                            <bind_vertex_input semantic="UVSET0" input_semantic="TEXCOORD" input_set="0" />
                                        </instance_material>
                                        <instance_material symbol="Material3" target="#ID12">
                                            <bind_vertex_input semantic="UVSET0" input_semantic="TEXCOORD" input_set="0" />
                                        </instance_material>
                                        <instance_material symbol="Material4" target="#ID13">
                                            <bind_vertex_input semantic="UVSET0" input_semantic="TEXCOORD" input_set="0" />
                                        </instance_material>
                                    </technique_common>
                                </bind_material>
                            </instance_geometry>
                            <instance_geometry url="#ID93">
                                <bind_material>
                                    <technique_common>
                                        <instance_material symbol="Material2" target="#ID6">
                                            <bind_vertex_input semantic="UVSET0" input_semantic="TEXCOORD" input_set="0" />
                                        </instance_material>
                                        <instance_material symbol="Material3" target="#ID12">
                                            <bind_vertex_input semantic="UVSET0" input_semantic="TEXCOORD" input_set="0" />
                                        </instance_material>
                                        <instance_material symbol="Material4" target="#ID13">
                                            <bind_vertex_input semantic="UVSET0" input_semantic="TEXCOORD" input_set="0" />
                                        </instance_material>
                                    </technique_common>
                                </bind_material>
                            </instance_geometry>
                        </node>
                        <node id="ID101" name="group_9">
                            <matrix>1 0 0 7.874016 0 1 0 0.1968504 0 0 1 7.874016 0 0 0 1</matrix>
                            <instance_geometry url="#ID102">
                                <bind_material>
                                    <technique_common>
                                        <instance_material symbol="Material2" target="#ID103">
                                            <bind_vertex_input semantic="UVSET0" input_semantic="TEXCOORD" input_set="0" />
                                        </instance_material>
                                        <instance_material symbol="Material3" target="#ID109">
                                            <bind_vertex_input semantic="UVSET0" input_semantic="TEXCOORD" input_set="0" />
                                        </instance_material>
                                    </technique_common>
                                </bind_material>
                            </instance_geometry>
                        </node>
                    </node>
                    <node id="ID114" name="group_10">
                        <matrix>1 0 0 35.5315 0 1 0 0 0 0 1 0 0 0 0 1</matrix>
                        <node id="ID115" name="group_8">
                            <matrix>1 0 0 0 0 1 0 0.3937008 0 0 1 0 0 0 0 1</matrix>
                            <instance_geometry url="#ID116">
                                <bind_material>
                                    <technique_common>
                                        <instance_material symbol="Material2" target="#ID6">
                                            <bind_vertex_input semantic="UVSET0" input_semantic="TEXCOORD" input_set="0" />
                                        </instance_material>
                                        <instance_material symbol="Material3" target="#ID12">
                                            <bind_vertex_input semantic="UVSET0" input_semantic="TEXCOORD" input_set="0" />
                                        </instance_material>
                                        <instance_material symbol="Material4" target="#ID13">
                                            <bind_vertex_input semantic="UVSET0" input_semantic="TEXCOORD" input_set="0" />
                                        </instance_material>
                                    </technique_common>
                                </bind_material>
                            </instance_geometry>
                            <instance_geometry url="#ID124">
                                <bind_material>
                                    <technique_common>
                                        <instance_material symbol="Material2" target="#ID6">
                                            <bind_vertex_input semantic="UVSET0" input_semantic="TEXCOORD" input_set="0" />
                                        </instance_material>
                                        <instance_material symbol="Material3" target="#ID12">
                                            <bind_vertex_input semantic="UVSET0" input_semantic="TEXCOORD" input_set="0" />
                                        </instance_material>
                                        <instance_material symbol="Material4" target="#ID13">
                                            <bind_vertex_input semantic="UVSET0" input_semantic="TEXCOORD" input_set="0" />
                                        </instance_material>
                                    </technique_common>
                                </bind_material>
                            </instance_geometry>
                            <instance_geometry url="#ID132">
                                <bind_material>
                                    <technique_common>
                                        <instance_material symbol="Material2" target="#ID6">
                                            <bind_vertex_input semantic="UVSET0" input_semantic="TEXCOORD" input_set="0" />
                                        </instance_material>
                                        <instance_material symbol="Material3" target="#ID12">
                                            <bind_vertex_input semantic="UVSET0" input_semantic="TEXCOORD" input_set="0" />
                                        </instance_material>
                                        <instance_material symbol="Material4" target="#ID13">
                                            <bind_vertex_input semantic="UVSET0" input_semantic="TEXCOORD" input_set="0" />
                                        </instance_material>
                                    </technique_common>
                                </bind_material>
                            </instance_geometry>
                        </node>
                        <node id="ID140" name="group_9">
                            <matrix>1 0 0 7.874016 0 1 0 0.1968504 0 0 1 7.874016 0 0 0 1</matrix>
                            <instance_geometry url="#ID141">
                                <bind_material>
                                    <technique_common>
                                        <instance_material symbol="Material2" target="#ID103">
                                            <bind_vertex_input semantic="UVSET0" input_semantic="TEXCOORD" input_set="0" />
                                        </instance_material>
                                        <instance_material symbol="Material3" target="#ID109">
                                            <bind_vertex_input semantic="UVSET0" input_semantic="TEXCOORD" input_set="0" />
                                        </instance_material>
                                    </technique_common>
                                </bind_material>
                            </instance_geometry>
                        </node>
                    </node>
                    <node id="ID149" name="group_11">
                        <matrix>1 0 0 0 0 1 0 0 0 0 1 0 0 0 0 1</matrix>
                        <node id="ID150" name="group_8">
                            <matrix>1 0 0 0 0 1 0 0.3937008 0 0 1 0 0 0 0 1</matrix>
                            <instance_geometry url="#ID151">
                                <bind_material>
                                    <technique_common>
                                        <instance_material symbol="Material2" target="#ID6">
                                            <bind_vertex_input semantic="UVSET0" input_semantic="TEXCOORD" input_set="0" />
                                        </instance_material>
                                        <instance_material symbol="Material3" target="#ID12">
                                            <bind_vertex_input semantic="UVSET0" input_semantic="TEXCOORD" input_set="0" />
                                        </instance_material>
                                        <instance_material symbol="Material4" target="#ID13">
                                            <bind_vertex_input semantic="UVSET0" input_semantic="TEXCOORD" input_set="0" />
                                        </instance_material>
                                    </technique_common>
                                </bind_material>
                            </instance_geometry>
                            <instance_geometry url="#ID159">
                                <bind_material>
                                    <technique_common>
                                        <instance_material symbol="Material2" target="#ID6">
                                            <bind_vertex_input semantic="UVSET0" input_semantic="TEXCOORD" input_set="0" />
                                        </instance_material>
                                        <instance_material symbol="Material3" target="#ID12">
                                            <bind_vertex_input semantic="UVSET0" input_semantic="TEXCOORD" input_set="0" />
                                        </instance_material>
                                        <instance_material symbol="Material4" target="#ID13">
                                            <bind_vertex_input semantic="UVSET0" input_semantic="TEXCOORD" input_set="0" />
                                        </instance_material>
                                    </technique_common>
                                </bind_material>
                            </instance_geometry>
                            <instance_geometry url="#ID167">
                                <bind_material>
                                    <technique_common>
                                        <instance_material symbol="Material2" target="#ID6">
                                            <bind_vertex_input semantic="UVSET0" input_semantic="TEXCOORD" input_set="0" />
                                        </instance_material>
                                        <instance_material symbol="Material3" target="#ID12">
                                            <bind_vertex_input semantic="UVSET0" input_semantic="TEXCOORD" input_set="0" />
                                        </instance_material>
                                        <instance_material symbol="Material4" target="#ID13">
                                            <bind_vertex_input semantic="UVSET0" input_semantic="TEXCOORD" input_set="0" />
                                        </instance_material>
                                    </technique_common>
                                </bind_material>
                            </instance_geometry>
                        </node>
                        <node id="ID175" name="group_9">
                            <matrix>1 0 0 7.874016 0 1 0 0.1968504 0 0 1 7.874016 0 0 0 1</matrix>
                            <instance_geometry url="#ID176">
                                <bind_material>
                                    <technique_common>
                                        <instance_material symbol="Material2" target="#ID103">
                                            <bind_vertex_input semantic="UVSET0" input_semantic="TEXCOORD" input_set="0" />
                                        </instance_material>
                                        <instance_material symbol="Material3" target="#ID109">
                                            <bind_vertex_input semantic="UVSET0" input_semantic="TEXCOORD" input_set="0" />
                                        </instance_material>
                                    </technique_common>
                                </bind_material>
                            </instance_geometry>
                        </node>
                    </node>
                    <node id="ID184" name="group_12">
                        <matrix>1 0 0 0 0 -1 0 2.362205 -0 0 1 0 0 0 0 1</matrix>
                        <node id="ID185" name="group_8">
                            <matrix>1 0 0 0 0 1 0 0.3937008 0 0 1 0 0 0 0 1</matrix>
                            <instance_geometry url="#ID186">
                                <bind_material>
                                    <technique_common>
                                        <instance_material symbol="Material2" target="#ID6">
                                            <bind_vertex_input semantic="UVSET0" input_semantic="TEXCOORD" input_set="0" />
                                        </instance_material>
                                        <instance_material symbol="Material3" target="#ID12">
                                            <bind_vertex_input semantic="UVSET0" input_semantic="TEXCOORD" input_set="0" />
                                        </instance_material>
                                        <instance_material symbol="Material4" target="#ID13">
                                            <bind_vertex_input semantic="UVSET0" input_semantic="TEXCOORD" input_set="0" />
                                        </instance_material>
                                    </technique_common>
                                </bind_material>
                            </instance_geometry>
                            <instance_geometry url="#ID194">
                                <bind_material>
                                    <technique_common>
                                        <instance_material symbol="Material2" target="#ID6">
                                            <bind_vertex_input semantic="UVSET0" input_semantic="TEXCOORD" input_set="0" />
                                        </instance_material>
                                        <instance_material symbol="Material3" target="#ID12">
                                            <bind_vertex_input semantic="UVSET0" input_semantic="TEXCOORD" input_set="0" />
                                        </instance_material>
                                        <instance_material symbol="Material4" target="#ID13">
                                            <bind_vertex_input semantic="UVSET0" input_semantic="TEXCOORD" input_set="0" />
                                        </instance_material>
                                    </technique_common>
                                </bind_material>
                            </instance_geometry>
                            <instance_geometry url="#ID202">
                                <bind_material>
                                    <technique_common>
                                        <instance_material symbol="Material2" target="#ID6">
                                            <bind_vertex_input semantic="UVSET0" input_semantic="TEXCOORD" input_set="0" />
                                        </instance_material>
                                        <instance_material symbol="Material3" target="#ID12">
                                            <bind_vertex_input semantic="UVSET0" input_semantic="TEXCOORD" input_set="0" />
                                        </instance_material>
                                        <instance_material symbol="Material4" target="#ID13">
                                            <bind_vertex_input semantic="UVSET0" input_semantic="TEXCOORD" input_set="0" />
                                        </instance_material>
                                    </technique_common>
                                </bind_material>
                            </instance_geometry>
                        </node>
                        <node id="ID210" name="group_9">
                            <matrix>1 0 0 7.874016 0 1 0 0.1968504 0 0 1 7.874016 0 0 0 1</matrix>
                            <instance_geometry url="#ID211">
                                <bind_material>
                                    <technique_common>
                                        <instance_material symbol="Material2" target="#ID103">
                                            <bind_vertex_input semantic="UVSET0" input_semantic="TEXCOORD" input_set="0" />
                                        </instance_material>
                                        <instance_material symbol="Material3" target="#ID109">
                                            <bind_vertex_input semantic="UVSET0" input_semantic="TEXCOORD" input_set="0" />
                                        </instance_material>
                                    </technique_common>
                                </bind_material>
                            </instance_geometry>
                        </node>
                    </node>
                </node>
            </node>
        </visual_scene>
    </library_visual_scenes>
    <library_geometries>
        <geometry id="ID4">
            <mesh>
                <source id="ID7">
                    <float_array id="ID15" count="336">-32.28346 -2.142571e-10 83.46457 40.15748 5.944882 83.46457 -32.28346 5.944882 83.46457 40.15748 2.674874e-10 83.46457 40.15748 2.674874e-10 83.46457 -32.28346 -2.142571e-10 83.46457 40.15748 5.944882 83.46457 -32.28346 5.944882 83.46457 -32.28346 5.944882 83.46457 40.15748 5.944882 83.46457 -32.28346 -2.142571e-10 83.46457 40.15748 2.674874e-10 83.46457 -32.28346 5.944882 83.46457 -31.49606 5.944882 9.947598e-14 -32.28346 5.944882 9.947598e-14 -31.49606 5.944882 82.67717 39.37008 5.944882 82.67717 40.15748 5.944882 -1.303122e-24 39.37008 5.944882 -1.844704e-13 40.15748 5.944882 83.46457 -32.28346 5.944882 83.46457 -31.49606 5.944882 82.67717 40.15748 5.944882 83.46457 39.37008 5.944882 82.67717 40.15748 5.944882 -1.303122e-24 39.37008 5.944882 -1.844704e-13 -31.49606 5.944882 9.947598e-14 -32.28346 5.944882 9.947598e-14 39.37008 5.944882 82.67717 39.37008 5.944882 -1.844704e-13 -31.49606 5.944882 82.67717 -31.49606 5.944882 9.947598e-14 -32.28346 5.944882 9.947598e-14 40.15748 5.944882 -1.303122e-24 -32.28346 5.944882 83.46457 -32.28346 -2.142571e-10 9.947598e-14 -32.28346 -2.142571e-10 83.46457 -32.28346 5.944882 9.947598e-14 -32.28346 5.944882 9.947598e-14 -32.28346 5.944882 83.46457 -32.28346 -2.142571e-10 9.947598e-14 -32.28346 -2.142571e-10 83.46457 -32.28346 -2.142571e-10 9.947598e-14 40.15748 2.674874e-10 5.04871e-29 39.37008 2.646878e-10 82.67717 39.37008 2.646878e-10 -1.844704e-13 40.15748 2.674874e-10 83.46457 -31.49606 -2.090346e-10 82.67717 -32.28346 -2.142571e-10 83.46457 -32.28346 -2.142571e-10 9.947598e-14 -31.49606 -2.090346e-10 9.947598e-14 -32.28346 -2.142571e-10 83.46457 -31.49606 -2.090346e-10 82.67717 -32.28346 -2.142571e-10 9.947598e-14 -31.49606 -2.090346e-10 9.947598e-14 40.15748 2.674874e-10 83.46457 39.37008 2.646878e-10 82.67717 40.15748 2.674874e-10 5.04871e-29 39.37008 2.646878e-10 -1.844704e-13 40.15748 2.674874e-10 5.04871e-29 -31.49606 -2.090346e-10 9.947598e-14 -31.49606 -2.090346e-10 82.67717 39.37008 2.646878e-10 82.67717 39.37008 2.646878e-10 -1.844704e-13 40.15748 5.944882 -1.303122e-24 40.15748 2.674874e-10 83.46457 40.15748 2.674874e-10 5.04871e-29 40.15748 5.944882 83.46457 40.15748 5.944882 83.46457 40.15748 5.944882 -1.303122e-24 40.15748 2.674874e-10 83.46457 40.15748 2.674874e-10 5.04871e-29 39.37008 5.944882 82.67717 39.37008 2.646878e-10 -1.844704e-13 39.37008 2.646878e-10 82.67717 39.37008 5.944882 -1.844704e-13 39.37008 5.944882 -1.844704e-13 39.37008 5.944882 82.67717 39.37008 2.646878e-10 -1.844704e-13 39.37008 2.646878e-10 82.67717 39.37008 5.944882 82.67717 -31.49606 -2.090346e-10 82.67717 -31.49606 5.944882 82.67717 39.37008 2.646878e-10 82.67717 39.37008 2.646878e-10 82.67717 39.37008 5.944882 82.67717 -31.49606 -2.090346e-10 82.67717 -31.49606 5.944882 82.67717 -31.49606 5.944882 9.947598e-14 -31.49606 -2.090346e-10 82.67717 -31.49606 -2.090346e-10 9.947598e-14 -31.49606 5.944882 82.67717 -31.49606 5.944882 82.67717 -31.49606 5.944882 9.947598e-14 -31.49606 -2.090346e-10 82.67717 -31.49606 -2.090346e-10 9.947598e-14 -31.49606 5.944882 9.947598e-14 -32.28346 -2.142571e-10 9.947598e-14 -32.28346 5.944882 9.947598e-14 -31.49606 -2.090346e-10 9.947598e-14 -31.49606 -2.090346e-10 9.947598e-14 -31.49606 5.944882 9.947598e-14 -32.28346 -2.142571e-10 9.947598e-14 -32.28346 5.944882 9.947598e-14 40.15748 5.944882 -1.303122e-24 39.37008 2.646878e-10 -1.844704e-13 39.37008 5.944882 -1.844704e-13 40.15748 2.674874e-10 5.04871e-29 40.15748 2.674874e-10 5.04871e-29 40.15748 5.944882 -1.303122e-24 39.37008 2.646878e-10 -1.844704e-13 39.37008 5.944882 -1.844704e-13</float_array>
                    <technique_common>
                        <accessor count="112" source="#ID15" stride="3">
                            <param name="X" type="float" />
                            <param name="Y" type="float" />
                            <param name="Z" type="float" />
                        </accessor>
                    </technique_common>
                </source>
                <source id="ID8">
                    <float_array id="ID16" count="336">-1.961716e-16 -1.301778e-27 1 -1.961716e-16 -1.301778e-27 1 -1.961716e-16 -1.301778e-27 1 -1.961716e-16 -1.301778e-27 1 1.961716e-16 1.301778e-27 -1 1.961716e-16 1.301778e-27 -1 1.961716e-16 1.301778e-27 -1 1.961716e-16 1.301778e-27 -1 0 0 0 0 0 0 0 0 0 0 0 0 -6.665541e-12 1 6.931634e-17 -6.665541e-12 1 6.931634e-17 -6.665541e-12 1 6.931634e-17 -6.665541e-12 1 6.931634e-17 -6.665541e-12 1 6.931634e-17 -6.665541e-12 1 6.931634e-17 -6.665541e-12 1 6.931634e-17 -6.665541e-12 1 6.931634e-17 6.665541e-12 -1 -6.931634e-17 6.665541e-12 -1 -6.931634e-17 6.665541e-12 -1 -6.931634e-17 6.665541e-12 -1 -6.931634e-17 6.665541e-12 -1 -6.931634e-17 6.665541e-12 -1 -6.931634e-17 6.665541e-12 -1 -6.931634e-17 6.665541e-12 -1 -6.931634e-17 0 0 0 0 0 0 0 0 0 0 0 0 0 0 0 0 0 0 -1 -6.635848e-12 1.106704e-15 -1 -6.635848e-12 1.106704e-15 -1 -6.635848e-12 1.106704e-15 -1 -6.635848e-12 1.106704e-15 1 6.635848e-12 -1.106704e-15 1 6.635848e-12 -1.106704e-15 1 6.635848e-12 -1.106704e-15 1 6.635848e-12 -1.106704e-15 0 0 0 6.667078e-12 -1 -6.911366e-17 6.667078e-12 -1 -6.911366e-17 6.667078e-12 -1 -6.911366e-17 6.667078e-12 -1 -6.911366e-17 6.667078e-12 -1 -6.911366e-17 6.667078e-12 -1 -6.911366e-17 6.667078e-12 -1 -6.911366e-17 6.667078e-12 -1 -6.911366e-17 -6.667078e-12 1 6.911366e-17 -6.667078e-12 1 6.911366e-17 -6.667078e-12 1 6.911366e-17 -6.667078e-12 1 6.911366e-17 -6.667078e-12 1 6.911366e-17 -6.667078e-12 1 6.911366e-17 -6.667078e-12 1 6.911366e-17 -6.667078e-12 1 6.911366e-17 0 0 0 0 0 0 0 0 0 0 0 0 0 0 0 1 3.552187e-12 2.310457e-13 1 3.552187e-12 2.310457e-13 1 3.552187e-12 2.310457e-13 1 3.552187e-12 2.310457e-13 -1 -3.552187e-12 -2.310457e-13 -1 -3.552187e-12 -2.310457e-13 -1 -3.552187e-12 -2.310457e-13 -1 -3.552187e-12 -2.310457e-13 -1 -3.552187e-12 -2.342774e-13 -1 -3.552187e-12 -2.342774e-13 -1 -3.552187e-12 -2.342774e-13 -1 -3.552187e-12 -2.342774e-13 1 3.552187e-12 2.342774e-13 1 3.552187e-12 2.342774e-13 1 3.552187e-12 2.342774e-13 1 3.552187e-12 2.342774e-13 -2.606902e-15 -1.729881e-26 -1 -2.606902e-15 -1.729881e-26 -1 -2.606902e-15 -1.729881e-26 -1 -2.606902e-15 -1.729881e-26 -1 2.606902e-15 1.729881e-26 1 2.606902e-15 1.729881e-26 1 2.606902e-15 1.729881e-26 1 2.606902e-15 1.729881e-26 1 1 6.635848e-12 0 1 6.635848e-12 0 1 6.635848e-12 0 1 6.635848e-12 0 -1 -6.635848e-12 -0 -1 -6.635848e-12 -0 -1 -6.635848e-12 -0 -1 -6.635848e-12 -0 0 0 -1 0 0 -1 0 0 -1 0 0 -1 -0 -0 1 -0 -0 1 -0 -0 1 -0 -0 1 2.342774e-13 -1.094448e-25 -1 2.342774e-13 -1.094448e-25 -1 2.342774e-13 -1.094448e-25 -1 2.342774e-13 -1.094448e-25 -1 -2.342774e-13 1.094448e-25 1 -2.342774e-13 1.094448e-25 1 -2.342774e-13 1.094448e-25 1 -2.342774e-13 1.094448e-25 1</float_array>
                    <technique_common>
                        <accessor count="112" source="#ID16" stride="3">
                            <param name="X" type="float" />
                            <param name="Y" type="float" />
                            <param name="Z" type="float" />
                        </accessor>
                    </technique_common>
                </source>
                <source id="ID9">
                    <Name_array id="ID17" count="0" />
                    <technique_common>
                        <accessor count="0" source="#ID17" stride="1">
                            <param name="skp_material" type="Name" />
                        </accessor>
                    </technique_common>
                </source>
                <vertices id="ID10">
                    <input semantic="POSITION" source="#ID7" />
                    <input semantic="NORMAL" source="#ID8" />
                </vertices>
                <triangles count="28" material="Material2">
                    <input offset="0" semantic="VERTEX" source="#ID10" />
                    <p>0 1 2 1 0 3 12 13 14 13 12 15 16 17 18 17 16 19 19 16 15 19 15 12 34 35 36 35 34 37 43 44 45 44 43 46 44 46 47 47 46 48 47 49 50 49 47 48 64 65 66 65 64 67 72 73 74 73 72 75 80 81 82 81 80 83 88 89 90 89 88 91 96 97 98 97 96 99 104 105 106 105 104 107</p>
                </triangles>
                <triangles count="28" material="Material3">
                    <input offset="0" semantic="VERTEX" source="#ID10" />
                    <p>4 5 6 7 6 5 20 21 22 21 23 22 22 23 24 25 24 23 21 20 26 27 26 20 38 39 40 41 40 39 51 52 53 54 53 52 51 55 52 52 55 56 55 57 56 58 56 57 68 69 70 71 70 69 76 77 78 79 78 77 84 85 86 87 86 85 92 93 94 95 94 93 100 101 102 103 102 101 108 109 110 111 110 109</p>
                </triangles>
                <lines count="24" material="Material4">
                    <input offset="0" semantic="VERTEX" source="#ID10" />
                    <p>8 9 10 8 10 11 11 9 28 29 28 30 30 31 31 32 8 32 9 33 29 33 42 32 42 10 59 11 60 42 61 60 62 61 63 62 63 59 33 59 62 28 29 63 61 30 60 31</p>
                </lines>
            </mesh>
        </geometry>
        <geometry id="ID20">
            <mesh>
                <source id="ID21">
                    <float_array id="ID25" count="531">-3.937008 0 3.937008 75.59055 1.421085e-14 3.512923e-11 -3.937008 0 -1.98952e-12 75.59055 0 3.937008 75.59055 0 3.937008 -3.937008 0 3.937008 75.59055 1.421085e-14 3.512923e-11 -3.937008 0 -1.98952e-12 -3.937008 0 3.937008 75.59055 0 3.937008 75.59055 1.421085e-14 3.512923e-11 -3.937008 0 -1.98952e-12 70.86614 -0.5905512 3.937008 0.7874016 -0.3937008 3.937008 0.7874016 -0.5905512 3.937008 75.59055 -0.5905512 3.937008 71.25984 -0.3937008 3.937008 71.25984 -0.5905512 3.937008 0.3937008 -0.5905512 3.937008 -3.937008 0 3.937008 -3.937008 -0.5905512 3.937008 0.3937008 -0.3937008 3.937008 75.59055 0 3.937008 70.86614 -0.3937008 3.937008 75.59055 -0.5905512 3.937008 71.25984 -0.3937008 3.937008 75.59055 0 3.937008 70.86614 -0.3937008 3.937008 70.86614 -0.5905512 3.937008 0.7874016 -0.3937008 3.937008 0.3937008 -0.3937008 3.937008 -3.937008 0 3.937008 0.3937008 -0.5905512 3.937008 -3.937008 -0.5905512 3.937008 71.25984 -0.5905512 3.937008 0.7874016 -0.5905512 3.937008 70.86614 -0.3937008 3.937008 71.25984 -0.3937008 3.937008 71.25984 -0.5905512 3.937008 75.59055 -0.5905512 3.937008 -3.937008 -0.5905512 3.937008 0.3937008 -0.5905512 3.937008 0.3937008 -0.3937008 3.937008 0.7874016 -0.3937008 3.937008 0.7874016 -0.5905512 3.937008 70.86614 -0.5905512 3.937008 75.59055 -0.5905512 3.512923e-11 75.59055 0 3.937008 75.59055 -0.5905512 3.937008 75.59055 -0.3937008 3.512923e-11 75.59055 1.421085e-14 3.512923e-11 75.59055 1.421085e-14 3.512923e-11 75.59055 -0.3937008 3.512923e-11 75.59055 0 3.937008 75.59055 -0.5905512 3.512923e-11 75.59055 -0.5905512 3.937008 75.59055 -0.5905512 3.512923e-11 75.59055 -0.3937008 3.512923e-11 -3.937008 0 -1.98952e-12 0.3937008 -0.3937008 -8.697043e-12 -3.937008 -0.5905512 -1.98952e-12 75.59055 1.421085e-14 3.512923e-11 0.7874016 -0.3937008 9.947598e-14 0.7874016 -0.5905512 9.947598e-14 70.86614 -0.3937008 1.679723e-11 71.25984 -0.3937008 3.512923e-11 75.59055 -0.3937008 3.512923e-11 70.86614 -0.5905512 1.679723e-11 0.3937008 -0.5905512 -8.697043e-12 0.3937008 -0.3937008 -8.697043e-12 -3.937008 -0.5905512 -1.98952e-12 0.3937008 -0.5905512 -8.697043e-12 70.86614 -0.3937008 1.679723e-11 0.7874016 -0.5905512 9.947598e-14 70.86614 -0.5905512 1.679723e-11 75.59055 -0.3937008 3.512923e-11 75.59055 1.421085e-14 3.512923e-11 71.25984 -0.3937008 3.512923e-11 0.7874016 -0.3937008 9.947598e-14 -3.937008 0 -1.98952e-12 0.7874016 -0.3937008 9.947598e-14 0.3937008 -0.3937008 -8.697043e-12 0.3937008 -0.5905512 -8.697043e-12 -3.937008 -0.5905512 -1.98952e-12 71.25984 -0.3937008 3.512923e-11 70.86614 -0.3937008 1.679723e-11 70.86614 -0.5905512 1.679723e-11 0.7874016 -0.5905512 9.947598e-14 -3.937008 0 3.937008 -3.937008 -0.5905512 -1.98952e-12 -3.937008 -0.5905512 3.937008 -3.937008 0 -1.98952e-12 -3.937008 0 -1.98952e-12 -3.937008 0 3.937008 -3.937008 -0.5905512 -1.98952e-12 -3.937008 -0.5905512 3.937008 71.25984 -0.3937008 3.512923e-11 70.86614 -0.3937008 3.937008 70.86614 -0.3937008 1.679723e-11 71.25984 -0.3937008 3.937008 71.25984 -0.3937008 3.937008 71.25984 -0.3937008 3.512923e-11 70.86614 -0.3937008 3.937008 70.86614 -0.3937008 1.679723e-11 71.25984 -0.3937008 3.937008 71.25984 -0.5905512 3.512923e-11 71.25984 -0.5905512 3.937008 71.25984 -0.3937008 3.512923e-11 71.25984 -0.3937008 3.512923e-11 71.25984 -0.3937008 3.937008 71.25984 -0.5905512 3.512923e-11 71.25984 -0.5905512 3.937008 71.25984 -0.5905512 3.512923e-11 75.59055 -0.5905512 3.937008 71.25984 -0.5905512 3.512923e-11 75.59055 -0.5905512 3.512923e-11 71.25984 -0.5905512 3.937008 71.25984 -0.5905512 3.937008 75.59055 -0.5905512 3.937008 71.25984 -0.5905512 3.512923e-11 75.59055 -0.5905512 3.512923e-11 0.3937008 -0.5905512 3.937008 -3.937008 -0.5905512 -1.98952e-12 0.3937008 -0.5905512 -8.697043e-12 -3.937008 -0.5905512 3.937008 -3.937008 -0.5905512 3.937008 0.3937008 -0.5905512 3.937008 -3.937008 -0.5905512 -1.98952e-12 0.3937008 -0.5905512 -8.697043e-12 0.3937008 -0.3937008 -8.697043e-12 0.3937008 -0.5905512 3.937008 0.3937008 -0.5905512 -8.697043e-12 0.3937008 -0.3937008 3.937008 0.3937008 -0.3937008 3.937008 0.3937008 -0.3937008 -8.697043e-12 0.3937008 -0.5905512 3.937008 0.3937008 -0.5905512 -8.697043e-12 0.7874016 -0.3937008 9.947598e-14 0.3937008 -0.3937008 3.937008 0.3937008 -0.3937008 -8.697043e-12 0.7874016 -0.3937008 3.937008 0.7874016 -0.3937008 3.937008 0.7874016 -0.3937008 9.947598e-14 0.3937008 -0.3937008 3.937008 0.3937008 -0.3937008 -8.697043e-12 0.7874016 -0.3937008 3.937008 0.7874016 -0.5905512 9.947598e-14 0.7874016 -0.5905512 3.937008 0.7874016 -0.3937008 9.947598e-14 0.7874016 -0.3937008 9.947598e-14 0.7874016 -0.3937008 3.937008 0.7874016 -0.5905512 9.947598e-14 0.7874016 -0.5905512 3.937008 70.86614 -0.5905512 1.679723e-11 0.7874016 -0.5905512 3.937008 0.7874016 -0.5905512 9.947598e-14 70.86614 -0.5905512 3.937008 70.86614 -0.5905512 3.937008 70.86614 -0.5905512 1.679723e-11 0.7874016 -0.5905512 3.937008 0.7874016 -0.5905512 9.947598e-14 70.86614 -0.5905512 1.679723e-11 70.86614 -0.3937008 3.937008 70.86614 -0.5905512 3.937008 70.86614 -0.3937008 1.679723e-11 70.86614 -0.3937008 1.679723e-11 70.86614 -0.5905512 1.679723e-11 70.86614 -0.3937008 3.937008 70.86614 -0.5905512 3.937008 75.59055 -0.3937008 3.512923e-11 71.25984 -0.5905512 3.512923e-11 71.25984 -0.3937008 3.512923e-11 75.59055 -0.5905512 3.512923e-11 75.59055 -0.5905512 3.512923e-11 75.59055 -0.3937008 3.512923e-11 71.25984 -0.5905512 3.512923e-11 71.25984 -0.3937008 3.512923e-11</float_array>
                    <technique_common>
                        <accessor count="177" source="#ID25" stride="3">
                            <param name="X" type="float" />
                            <param name="Y" type="float" />
                            <param name="Z" type="float" />
                        </accessor>
                    </technique_common>
                </source>
                <source id="ID22">
                    <float_array id="ID26" count="531">-8.934547e-17 1 1.804779e-15 -8.934547e-17 1 1.804779e-15 -8.934547e-17 1 1.804779e-15 -8.934547e-17 1 1.804779e-15 8.934547e-17 -1 -1.804779e-15 8.934547e-17 -1 -1.804779e-15 8.934547e-17 -1 -1.804779e-15 8.934547e-17 -1 -1.804779e-15 0 0 0 0 0 0 0 0 0 0 0 0 -3.343865e-13 -7.683955e-12 1 -3.343865e-13 -7.683955e-12 1 -3.343865e-13 -7.683955e-12 1 -3.343865e-13 -7.683955e-12 1 -3.343865e-13 -7.683955e-12 1 -3.343865e-13 -7.683955e-12 1 -3.343865e-13 -7.683955e-12 1 -3.343865e-13 -7.683955e-12 1 -3.343865e-13 -7.683955e-12 1 -3.343865e-13 -7.683955e-12 1 -3.343865e-13 -7.683955e-12 1 -3.343865e-13 -7.683955e-12 1 3.343865e-13 7.683955e-12 -1 3.343865e-13 7.683955e-12 -1 3.343865e-13 7.683955e-12 -1 3.343865e-13 7.683955e-12 -1 3.343865e-13 7.683955e-12 -1 3.343865e-13 7.683955e-12 -1 3.343865e-13 7.683955e-12 -1 3.343865e-13 7.683955e-12 -1 3.343865e-13 7.683955e-12 -1 3.343865e-13 7.683955e-12 -1 3.343865e-13 7.683955e-12 -1 3.343865e-13 7.683955e-12 -1 0 0 0 0 0 0 0 0 0 0 0 0 0 0 0 0 0 0 0 0 0 0 0 0 0 0 0 0 0 0 1 -1.354568e-12 4.512406e-12 1 -1.354568e-12 4.512406e-12 1 -1.354568e-12 4.512406e-12 1 -1.354568e-12 4.512406e-12 1 -1.354568e-12 4.512406e-12 -1 1.354568e-12 -4.512406e-12 -1 1.354568e-12 -4.512406e-12 -1 1.354568e-12 -4.512406e-12 -1 1.354568e-12 -4.512406e-12 -1 1.354568e-12 -4.512406e-12 0 0 0 0 0 0 4.152266e-13 1.221128e-11 -1 4.152266e-13 1.221128e-11 -1 4.152266e-13 1.221128e-11 -1 4.152266e-13 1.221128e-11 -1 4.152266e-13 1.221128e-11 -1 4.152266e-13 1.221128e-11 -1 4.152266e-13 1.221128e-11 -1 4.152266e-13 1.221128e-11 -1 4.152266e-13 1.221128e-11 -1 4.152266e-13 1.221128e-11 -1 4.152266e-13 1.221128e-11 -1 -4.152266e-13 -1.221128e-11 1 -4.152266e-13 -1.221128e-11 1 -4.152266e-13 -1.221128e-11 1 -4.152266e-13 -1.221128e-11 1 -4.152266e-13 -1.221128e-11 1 -4.152266e-13 -1.221128e-11 1 -4.152266e-13 -1.221128e-11 1 -4.152266e-13 -1.221128e-11 1 -4.152266e-13 -1.221128e-11 1 -4.152266e-13 -1.221128e-11 1 -4.152266e-13 -1.221128e-11 1 0 0 0 0 0 0 0 0 0 0 0 0 0 0 0 0 0 0 0 0 0 0 0 0 -1 -2.255973e-16 -4.908998e-13 -1 -2.255973e-16 -4.908998e-13 -1 -2.255973e-16 -4.908998e-13 -1 -2.255973e-16 -4.908998e-13 1 2.255973e-16 4.908998e-13 1 2.255973e-16 4.908998e-13 1 2.255973e-16 4.908998e-13 1 2.255973e-16 4.908998e-13 1.804779e-14 -1 -1.804779e-15 1.804779e-14 -1 -1.804779e-15 1.804779e-14 -1 -1.804779e-15 1.804779e-14 -1 -1.804779e-15 -1.804779e-14 1 1.804779e-15 -1.804779e-14 1 1.804779e-15 -1.804779e-14 1 1.804779e-15 -1.804779e-14 1 1.804779e-15 -1 0 0 -1 0 0 -1 0 0 -1 0 0 1 -0 -0 1 -0 -0 1 -0 -0 1 -0 -0 0 0 0 -1.640708e-15 -1 -1.804779e-15 -1.640708e-15 -1 -1.804779e-15 -1.640708e-15 -1 -1.804779e-15 -1.640708e-15 -1 -1.804779e-15 1.640708e-15 1 1.804779e-15 1.640708e-15 1 1.804779e-15 1.640708e-15 1 1.804779e-15 1.640708e-15 1 1.804779e-15 0 -1 0 0 -1 0 0 -1 0 0 -1 0 -0 1 -0 -0 1 -0 -0 1 -0 -0 1 -0 1 0 0 1 0 0 1 0 0 1 0 0 -1 -0 -0 -1 -0 -0 -1 -0 -0 -1 -0 -0 4.511946e-15 -1 1.107463e-27 4.511946e-15 -1 1.107463e-27 4.511946e-15 -1 1.107463e-27 4.511946e-15 -1 1.107463e-27 -4.511946e-15 1 -1.107463e-27 -4.511946e-15 1 -1.107463e-27 -4.511946e-15 1 -1.107463e-27 -4.511946e-15 1 -1.107463e-27 -1 0 -4.908998e-13 -1 0 -4.908998e-13 -1 0 -4.908998e-13 -1 0 -4.908998e-13 1 -0 4.908998e-13 1 -0 4.908998e-13 1 -0 4.908998e-13 1 -0 4.908998e-13 1.013921e-16 -1 -1.804779e-15 1.013921e-16 -1 -1.804779e-15 1.013921e-16 -1 -1.804779e-15 1.013921e-16 -1 -1.804779e-15 -1.013921e-16 1 1.804779e-15 -1.013921e-16 1 1.804779e-15 -1.013921e-16 1 1.804779e-15 -1.013921e-16 1 1.804779e-15 1 8.403642e-28 4.656329e-12 1 8.403642e-28 4.656329e-12 1 8.403642e-28 4.656329e-12 1 8.403642e-28 4.656329e-12 -1 -8.403642e-28 -4.656329e-12 -1 -8.403642e-28 -4.656329e-12 -1 -8.403642e-28 -4.656329e-12 -1 -8.403642e-28 -4.656329e-12 0 0 -1 0 0 -1 0 0 -1 0 0 -1 -0 -0 1 -0 -0 1 -0 -0 1 -0 -0 1</float_array>
                    <technique_common>
                        <accessor count="177" source="#ID26" stride="3">
                            <param name="X" type="float" />
                            <param name="Y" type="float" />
                            <param name="Z" type="float" />
                        </accessor>
                    </technique_common>
                </source>
                <source id="ID23">
                    <Name_array id="ID27" count="0" />
                    <technique_common>
                        <accessor count="0" source="#ID27" stride="1">
                            <param name="skp_material" type="Name" />
                        </accessor>
                    </technique_common>
                </source>
                <vertices id="ID24">
                    <input semantic="POSITION" source="#ID21" />
                    <input semantic="NORMAL" source="#ID22" />
                </vertices>
                <triangles count="46" material="Material2">
                    <input offset="0" semantic="VERTEX" source="#ID24" />
                    <p>0 1 2 1 0 3 12 13 14 15 16 17 18 19 20 19 18 21 19 21 22 22 21 13 22 13 23 23 13 12 22 23 16 22 16 15 46 47 48 47 46 49 47 49 50 58 59 60 59 58 61 59 61 62 62 61 63 63 61 64 64 61 65 65 61 66 67 63 64 68 60 59 88 89 90 89 88 91 96 97 98 97 96 99 104 105 106 105 104 107 113 114 115 114 113 116 121 122 123 122 121 124 129 130 131 130 129 132 137 138 139 138 137 140 145 146 147 146 145 148 153 154 155 154 153 156 161 162 163 162 161 164 169 170 171 170 169 172</p>
                </triangles>
                <triangles count="46" material="Material3">
                    <input offset="0" semantic="VERTEX" source="#ID24" />
                    <p>4 5 6 7 6 5 24 25 26 25 27 26 28 29 27 27 29 26 29 30 26 26 30 31 30 32 31 33 31 32 34 25 24 35 29 28 51 52 53 52 54 53 55 53 54 69 70 71 72 73 74 75 76 77 77 76 72 72 76 73 73 76 78 78 76 69 76 79 69 70 69 79 92 93 94 95 94 93 100 101 102 103 102 101 108 109 110 111 110 109 117 118 119 120 119 118 125 126 127 128 127 126 133 134 135 136 135 134 141 142 143 144 143 142 149 150 151 152 151 150 157 158 159 160 159 158 165 166 167 168 167 166 173 174 175 176 175 174</p>
                </triangles>
                <lines count="38" material="Material4">
                    <input offset="0" semantic="VERTEX" source="#ID24" />
                    <p>8 9 9 10 10 11 8 11 36 37 37 38 38 39 9 39 8 40 40 41 42 41 42 43 44 43 44 45 45 36 39 56 56 57 10 57 80 81 81 82 82 83 11 83 57 84 84 85 86 85 86 87 87 80 40 83 84 37 36 85 112 84 112 38 56 112 82 41 81 42 43 80 44 87 45 86</p>
                </lines>
            </mesh>
        </geometry>
        <geometry id="ID29">
            <mesh>
                <source id="ID30">
                    <float_array id="ID34" count="420">3.937008 3.907985e-14 -7.874016 1.8332e-11 -0.5905512 -7.874016 1.8332e-11 3.907985e-14 -7.874016 3.937008 -0.5905512 -7.874016 3.937008 -0.5905512 -7.874016 3.937008 3.907985e-14 -7.874016 1.8332e-11 -0.5905512 -7.874016 1.8332e-11 3.907985e-14 -7.874016 1.8332e-11 3.907985e-14 -7.874016 3.937008 3.907985e-14 -7.874016 3.937008 -0.5905512 -7.874016 1.8332e-11 -0.5905512 -7.874016 0 1.065814e-14 75.19685 3.937008 3.907985e-14 -7.874016 1.8332e-11 3.907985e-14 -7.874016 3.937008 -3.552714e-15 75.19685 3.937008 -3.552714e-15 75.19685 0 1.065814e-14 75.19685 3.937008 3.907985e-14 -7.874016 1.8332e-11 3.907985e-14 -7.874016 0 1.065814e-14 75.19685 3.937008 -3.552714e-15 75.19685 3.937008 -0.5905512 0.3937008 3.937008 -0.3937008 74.80315 3.937008 -0.5905512 74.80315 3.937008 -0.3937008 0.3937008 3.937008 3.907985e-14 -7.874016 3.937008 -0.5905512 0 3.937008 -0.5905512 -7.874016 3.937008 -0.3937008 0 3.937008 -3.552714e-15 75.19685 3.937008 -0.3937008 75.19685 3.937008 -0.3937008 0.3937008 3.937008 -0.3937008 74.80315 3.937008 -3.552714e-15 75.19685 3.937008 -0.3937008 75.19685 3.937008 3.907985e-14 -7.874016 3.937008 -0.3937008 0 3.937008 -0.5905512 0 3.937008 -0.5905512 -7.874016 3.937008 -0.5905512 0.3937008 3.937008 -0.5905512 74.80315 3.937008 -0.3937008 75.19685 3.937008 -0.3937008 74.80315 3.937008 -0.5905512 74.80315 3.937008 -0.5905512 0.3937008 3.937008 -0.3937008 0.3937008 3.937008 -0.3937008 0 3.937008 -0.5905512 0 3.937008 -0.5905512 0 1.8332e-11 -0.5905512 -7.874016 3.937008 -0.5905512 -7.874016 1.658407e-11 -0.5905512 0 1.658407e-11 -0.5905512 0 3.937008 -0.5905512 0 1.8332e-11 -0.5905512 -7.874016 3.937008 -0.5905512 -7.874016 1.658407e-11 -0.5905512 0 0 1.065814e-14 75.19685 9.947598e-14 -0.3937008 74.80315 0 -0.3937008 75.19685 1.64988e-11 -0.3937008 0.3937008 1.658407e-11 -0.3937008 0 1.8332e-11 -0.5905512 -7.874016 1.658407e-11 -0.5905512 0 1.8332e-11 3.907985e-14 -7.874016 1.64988e-11 -0.5905512 0.3937008 9.947598e-14 -0.5905512 74.80315 1.64988e-11 -0.3937008 0.3937008 9.947598e-14 -0.3937008 74.80315 1.64988e-11 -0.5905512 0.3937008 9.947598e-14 -0.5905512 74.80315 0 1.065814e-14 75.19685 1.658407e-11 -0.3937008 0 1.8332e-11 3.907985e-14 -7.874016 1.8332e-11 -0.5905512 -7.874016 1.658407e-11 -0.5905512 0 0 -0.3937008 75.19685 9.947598e-14 -0.5905512 74.80315 9.947598e-14 -0.3937008 74.80315 0 -0.3937008 75.19685 1.658407e-11 -0.3937008 0 1.64988e-11 -0.3937008 0.3937008 1.64988e-11 -0.5905512 0.3937008 3.937008 -0.3937008 75.19685 0 1.065814e-14 75.19685 0 -0.3937008 75.19685 3.937008 -3.552714e-15 75.19685 3.937008 -3.552714e-15 75.19685 3.937008 -0.3937008 75.19685 0 1.065814e-14 75.19685 0 -0.3937008 75.19685 3.937008 -0.3937008 75.19685 9.947598e-14 -0.3937008 74.80315 3.937008 -0.3937008 74.80315 0 -0.3937008 75.19685 0 -0.3937008 75.19685 3.937008 -0.3937008 75.19685 9.947598e-14 -0.3937008 74.80315 3.937008 -0.3937008 74.80315 3.937008 -0.5905512 74.80315 9.947598e-14 -0.3937008 74.80315 9.947598e-14 -0.5905512 74.80315 3.937008 -0.3937008 74.80315 3.937008 -0.3937008 74.80315 3.937008 -0.5905512 74.80315 9.947598e-14 -0.3937008 74.80315 9.947598e-14 -0.5905512 74.80315 3.937008 -0.5905512 74.80315 1.64988e-11 -0.5905512 0.3937008 3.937008 -0.5905512 0.3937008 9.947598e-14 -0.5905512 74.80315 9.947598e-14 -0.5905512 74.80315 3.937008 -0.5905512 74.80315 1.64988e-11 -0.5905512 0.3937008 3.937008 -0.5905512 0.3937008 3.937008 -0.3937008 0.3937008 1.64988e-11 -0.5905512 0.3937008 1.64988e-11 -0.3937008 0.3937008 3.937008 -0.5905512 0.3937008 3.937008 -0.5905512 0.3937008 3.937008 -0.3937008 0.3937008 1.64988e-11 -0.5905512 0.3937008 1.64988e-11 -0.3937008 0.3937008 3.937008 -0.3937008 0.3937008 1.658407e-11 -0.3937008 0 3.937008 -0.3937008 0 1.64988e-11 -0.3937008 0.3937008 1.64988e-11 -0.3937008 0.3937008 3.937008 -0.3937008 0.3937008 1.658407e-11 -0.3937008 0 3.937008 -0.3937008 0 3.937008 -0.5905512 0 1.658407e-11 -0.3937008 0 1.658407e-11 -0.5905512 0 3.937008 -0.3937008 0 3.937008 -0.3937008 0 3.937008 -0.5905512 0 1.658407e-11 -0.3937008 0 1.658407e-11 -0.5905512 0</float_array>
                    <technique_common>
                        <accessor count="140" source="#ID34" stride="3">
                            <param name="X" type="float" />
                            <param name="Y" type="float" />
                            <param name="Z" type="float" />
                        </accessor>
                    </technique_common>
                </source>
                <source id="ID31">
                    <float_array id="ID35" count="420">0 5.013274e-16 -1 0 5.013274e-16 -1 0 5.013274e-16 -1 0 5.013274e-16 -1 -0 -5.013274e-16 1 -0 -5.013274e-16 1 -0 -5.013274e-16 1 -0 -5.013274e-16 1 0 0 0 0 0 0 0 0 0 0 0 0 1.804779e-15 1 4.276726e-16 1.804779e-15 1 4.276726e-16 1.804779e-15 1 4.276726e-16 1.804779e-15 1 4.276726e-16 -1.804779e-15 -1 -4.276726e-16 -1.804779e-15 -1 -4.276726e-16 -1.804779e-15 -1 -4.276726e-16 -1.804779e-15 -1 -4.276726e-16 0 0 0 0 0 0 1 1.74384e-15 2.205229e-13 1 1.74384e-15 2.205229e-13 1 1.74384e-15 2.205229e-13 1 1.74384e-15 2.205229e-13 1 1.74384e-15 2.205229e-13 1 1.74384e-15 2.205229e-13 1 1.74384e-15 2.205229e-13 1 1.74384e-15 2.205229e-13 1 1.74384e-15 2.205229e-13 1 1.74384e-15 2.205229e-13 -1 -1.74384e-15 -2.205229e-13 -1 -1.74384e-15 -2.205229e-13 -1 -1.74384e-15 -2.205229e-13 -1 -1.74384e-15 -2.205229e-13 -1 -1.74384e-15 -2.205229e-13 -1 -1.74384e-15 -2.205229e-13 -1 -1.74384e-15 -2.205229e-13 -1 -1.74384e-15 -2.205229e-13 -1 -1.74384e-15 -2.205229e-13 -1 -1.74384e-15 -2.205229e-13 0 0 0 0 0 0 0 0 0 0 0 0 0 0 0 0 0 0 0 0 0 0 -1 0 0 -1 0 0 -1 0 0 -1 0 -0 1 -0 -0 1 -0 -0 1 -0 -0 1 -0 0 0 0 -1 -1.74384e-15 -2.205229e-13 -1 -1.74384e-15 -2.205229e-13 -1 -1.74384e-15 -2.205229e-13 -1 -1.74384e-15 -2.205229e-13 -1 -1.74384e-15 -2.205229e-13 -1 -1.74384e-15 -2.205229e-13 -1 -1.74384e-15 -2.205229e-13 -1 -1.74384e-15 -2.205229e-13 -1 -1.74384e-15 -2.205229e-13 -1 -1.74384e-15 -2.205229e-13 1 1.74384e-15 2.205229e-13 1 1.74384e-15 2.205229e-13 1 1.74384e-15 2.205229e-13 1 1.74384e-15 2.205229e-13 1 1.74384e-15 2.205229e-13 1 1.74384e-15 2.205229e-13 1 1.74384e-15 2.205229e-13 1 1.74384e-15 2.205229e-13 1 1.74384e-15 2.205229e-13 1 1.74384e-15 2.205229e-13 0 0 0 0 0 0 0 0 0 0 0 0 0 0 0 0 0 0 1.303053e-28 3.609557e-14 1 1.303053e-28 3.609557e-14 1 1.303053e-28 3.609557e-14 1 1.303053e-28 3.609557e-14 1 -1.303053e-28 -3.609557e-14 -1 -1.303053e-28 -3.609557e-14 -1 -1.303053e-28 -3.609557e-14 -1 -1.303053e-28 -3.609557e-14 -1 -3.609557e-15 -1 -3.609557e-14 -3.609557e-15 -1 -3.609557e-14 -3.609557e-15 -1 -3.609557e-14 -3.609557e-15 -1 -3.609557e-14 3.609557e-15 1 3.609557e-14 3.609557e-15 1 3.609557e-14 3.609557e-15 1 3.609557e-14 3.609557e-15 1 3.609557e-14 -2.606106e-28 -7.219114e-14 1 -2.606106e-28 -7.219114e-14 1 -2.606106e-28 -7.219114e-14 1 -2.606106e-28 -7.219114e-14 1 2.606106e-28 7.219114e-14 -1 2.606106e-28 7.219114e-14 -1 2.606106e-28 7.219114e-14 -1 2.606106e-28 7.219114e-14 -1 -1.804779e-15 -1 -2.864728e-16 -1.804779e-15 -1 -2.864728e-16 -1.804779e-15 -1 -2.864728e-16 -1.804779e-15 -1 -2.864728e-16 1.804779e-15 1 2.864728e-16 1.804779e-15 1 2.864728e-16 1.804779e-15 1 2.864728e-16 1.804779e-15 1 2.864728e-16 -0 -0 -1 -0 -0 -1 -0 -0 -1 -0 -0 -1 0 0 1 0 0 1 0 0 1 0 0 1 0 -1 0 0 -1 0 0 -1 0 0 -1 0 -0 1 -0 -0 1 -0 -0 1 -0 -0 1 -0 0 0 1 0 0 1 0 0 1 0 0 1 -0 -0 -1 -0 -0 -1 -0 -0 -1 -0 -0 -1</float_array>
                    <technique_common>
                        <accessor count="140" source="#ID35" stride="3">
                            <param name="X" type="float" />
                            <param name="Y" type="float" />
                            <param name="Z" type="float" />
                        </accessor>
                    </technique_common>
                </source>
                <source id="ID32">
                    <Name_array id="ID36" count="0" />
                    <technique_common>
                        <accessor count="0" source="#ID36" stride="1">
                            <param name="skp_material" type="Name" />
                        </accessor>
                    </technique_common>
                </source>
                <vertices id="ID33">
                    <input semantic="POSITION" source="#ID30" />
                    <input semantic="NORMAL" source="#ID31" />
                </vertices>
                <triangles count="36" material="Material2">
                    <input offset="0" semantic="VERTEX" source="#ID33" />
                    <p>0 1 2 1 0 3 12 13 14 13 12 15 22 23 24 23 22 25 26 27 28 27 26 29 29 26 25 25 26 30 23 30 31 30 23 25 49 50 51 50 49 52 58 59 60 59 58 61 61 58 62 62 63 64 63 62 65 65 62 58 59 66 67 66 59 61 84 85 86 85 84 87 92 93 94 93 92 95 100 101 102 101 100 103 108 109 110 109 108 111 116 117 118 117 116 119 124 125 126 125 124 127 132 133 134 133 132 135</p>
                </triangles>
                <triangles count="36" material="Material3">
                    <input offset="0" semantic="VERTEX" source="#ID33" />
                    <p>4 5 6 7 6 5 16 17 18 19 18 17 32 33 34 35 34 33 34 36 32 32 36 37 37 36 38 39 38 36 32 40 33 41 33 40 53 54 55 56 55 54 68 69 70 71 70 69 72 73 74 74 73 75 76 75 73 73 72 68 68 72 69 77 69 72 88 89 90 91 90 89 96 97 98 99 98 97 104 105 106 107 106 105 112 113 114 115 114 113 120 121 122 123 122 121 128 129 130 131 130 129 136 137 138 139 138 137</p>
                </triangles>
                <lines count="30" material="Material4">
                    <input offset="0" semantic="VERTEX" source="#ID33" />
                    <p>8 9 9 10 11 10 8 11 8 20 20 21 21 9 42 43 44 43 44 45 45 46 46 47 48 47 48 10 21 42 57 48 11 57 78 79 79 80 20 80 57 81 81 82 83 82 83 78 80 42 79 43 78 44 83 45 82 46 81 47</p>
                </lines>
            </mesh>
        </geometry>
        <geometry id="ID38">
            <mesh>
                <source id="ID39">
                    <float_array id="ID43" count="420">3.937008 4.263256e-14 -7.874016 1.8332e-11 -0.5905512 -7.874016 1.8332e-11 4.263256e-14 -7.874016 3.937008 -0.5905512 -7.874016 3.937008 -0.5905512 -7.874016 3.937008 4.263256e-14 -7.874016 1.8332e-11 -0.5905512 -7.874016 1.8332e-11 4.263256e-14 -7.874016 1.8332e-11 4.263256e-14 -7.874016 3.937008 4.263256e-14 -7.874016 3.937008 -0.5905512 -7.874016 1.8332e-11 -0.5905512 -7.874016 0 1.065814e-14 75.19685 3.937008 4.263256e-14 -7.874016 1.8332e-11 4.263256e-14 -7.874016 3.937008 -3.552714e-15 75.19685 3.937008 -3.552714e-15 75.19685 0 1.065814e-14 75.19685 3.937008 4.263256e-14 -7.874016 1.8332e-11 4.263256e-14 -7.874016 0 1.065814e-14 75.19685 3.937008 -3.552714e-15 75.19685 3.937008 -0.5905512 0.3937008 3.937008 -0.3937008 74.80315 3.937008 -0.5905512 74.80315 3.937008 -0.3937008 0.3937008 3.937008 4.263256e-14 -7.874016 3.937008 -0.5905512 0 3.937008 -0.5905512 -7.874016 3.937008 -0.3937008 0 3.937008 -3.552714e-15 75.19685 3.937008 -0.3937008 75.19685 3.937008 -0.3937008 0.3937008 3.937008 -0.3937008 74.80315 3.937008 -3.552714e-15 75.19685 3.937008 -0.3937008 75.19685 3.937008 4.263256e-14 -7.874016 3.937008 -0.3937008 0 3.937008 -0.5905512 0 3.937008 -0.5905512 -7.874016 3.937008 -0.5905512 0.3937008 3.937008 -0.5905512 74.80315 3.937008 -0.5905512 74.80315 3.937008 -0.5905512 0.3937008 3.937008 -0.3937008 0.3937008 3.937008 -0.3937008 0 3.937008 -0.5905512 0 3.937008 -0.3937008 75.19685 3.937008 -0.3937008 74.80315 3.937008 -0.5905512 0 1.8332e-11 -0.5905512 -7.874016 3.937008 -0.5905512 -7.874016 1.658407e-11 -0.5905512 0 1.658407e-11 -0.5905512 0 3.937008 -0.5905512 0 1.8332e-11 -0.5905512 -7.874016 3.937008 -0.5905512 -7.874016 1.658407e-11 -0.5905512 0 0 1.065814e-14 75.19685 9.947598e-14 -0.3937008 74.80315 0 -0.3937008 75.19685 1.64988e-11 -0.3937008 0.3937008 1.658407e-11 -0.3937008 0 1.8332e-11 -0.5905512 -7.874016 1.658407e-11 -0.5905512 0 1.8332e-11 4.263256e-14 -7.874016 1.64988e-11 -0.5905512 0.3937008 9.947598e-14 -0.5905512 74.80315 1.64988e-11 -0.3937008 0.3937008 9.947598e-14 -0.3937008 74.80315 1.64988e-11 -0.5905512 0.3937008 9.947598e-14 -0.5905512 74.80315 0 1.065814e-14 75.19685 1.658407e-11 -0.3937008 0 1.8332e-11 4.263256e-14 -7.874016 1.8332e-11 -0.5905512 -7.874016 1.658407e-11 -0.5905512 0 0 -0.3937008 75.19685 9.947598e-14 -0.5905512 74.80315 9.947598e-14 -0.3937008 74.80315 0 -0.3937008 75.19685 1.658407e-11 -0.3937008 0 1.64988e-11 -0.3937008 0.3937008 1.64988e-11 -0.5905512 0.3937008 3.937008 -0.3937008 75.19685 0 1.065814e-14 75.19685 0 -0.3937008 75.19685 3.937008 -3.552714e-15 75.19685 3.937008 -3.552714e-15 75.19685 3.937008 -0.3937008 75.19685 0 1.065814e-14 75.19685 0 -0.3937008 75.19685 3.937008 -0.5905512 74.80315 1.64988e-11 -0.5905512 0.3937008 3.937008 -0.5905512 0.3937008 9.947598e-14 -0.5905512 74.80315 9.947598e-14 -0.5905512 74.80315 3.937008 -0.5905512 74.80315 1.64988e-11 -0.5905512 0.3937008 3.937008 -0.5905512 0.3937008 3.937008 -0.3937008 0.3937008 1.64988e-11 -0.5905512 0.3937008 1.64988e-11 -0.3937008 0.3937008 3.937008 -0.5905512 0.3937008 3.937008 -0.5905512 0.3937008 3.937008 -0.3937008 0.3937008 1.64988e-11 -0.5905512 0.3937008 1.64988e-11 -0.3937008 0.3937008 3.937008 -0.3937008 0.3937008 1.658407e-11 -0.3937008 0 3.937008 -0.3937008 0 1.64988e-11 -0.3937008 0.3937008 1.64988e-11 -0.3937008 0.3937008 3.937008 -0.3937008 0.3937008 1.658407e-11 -0.3937008 0 3.937008 -0.3937008 0 3.937008 -0.5905512 0 1.658407e-11 -0.3937008 0 1.658407e-11 -0.5905512 0 3.937008 -0.3937008 0 3.937008 -0.3937008 0 3.937008 -0.5905512 0 1.658407e-11 -0.3937008 0 1.658407e-11 -0.5905512 0 3.937008 -0.3937008 75.19685 9.947598e-14 -0.3937008 74.80315 3.937008 -0.3937008 74.80315 0 -0.3937008 75.19685 0 -0.3937008 75.19685 3.937008 -0.3937008 75.19685 9.947598e-14 -0.3937008 74.80315 3.937008 -0.3937008 74.80315 3.937008 -0.5905512 74.80315 9.947598e-14 -0.3937008 74.80315 9.947598e-14 -0.5905512 74.80315 3.937008 -0.3937008 74.80315 3.937008 -0.3937008 74.80315 3.937008 -0.5905512 74.80315 9.947598e-14 -0.3937008 74.80315 9.947598e-14 -0.5905512 74.80315</float_array>
                    <technique_common>
                        <accessor count="140" source="#ID43" stride="3">
                            <param name="X" type="float" />
                            <param name="Y" type="float" />
                            <param name="Z" type="float" />
                        </accessor>
                    </technique_common>
                </source>
                <source id="ID40">
                    <float_array id="ID44" count="420">0 5.013274e-16 -1 0 5.013274e-16 -1 0 5.013274e-16 -1 0 5.013274e-16 -1 -0 -5.013274e-16 1 -0 -5.013274e-16 1 -0 -5.013274e-16 1 -0 -5.013274e-16 1 0 0 0 0 0 0 0 0 0 0 0 0 1.804779e-15 1 4.704399e-16 1.804779e-15 1 4.704399e-16 1.804779e-15 1 4.704399e-16 1.804779e-15 1 4.704399e-16 -1.804779e-15 -1 -4.704399e-16 -1.804779e-15 -1 -4.704399e-16 -1.804779e-15 -1 -4.704399e-16 -1.804779e-15 -1 -4.704399e-16 0 0 0 0 0 0 1 1.74384e-15 2.205229e-13 1 1.74384e-15 2.205229e-13 1 1.74384e-15 2.205229e-13 1 1.74384e-15 2.205229e-13 1 1.74384e-15 2.205229e-13 1 1.74384e-15 2.205229e-13 1 1.74384e-15 2.205229e-13 1 1.74384e-15 2.205229e-13 1 1.74384e-15 2.205229e-13 1 1.74384e-15 2.205229e-13 -1 -1.74384e-15 -2.205229e-13 -1 -1.74384e-15 -2.205229e-13 -1 -1.74384e-15 -2.205229e-13 -1 -1.74384e-15 -2.205229e-13 -1 -1.74384e-15 -2.205229e-13 -1 -1.74384e-15 -2.205229e-13 -1 -1.74384e-15 -2.205229e-13 -1 -1.74384e-15 -2.205229e-13 -1 -1.74384e-15 -2.205229e-13 -1 -1.74384e-15 -2.205229e-13 0 0 0 0 0 0 0 0 0 0 0 0 0 0 0 0 0 0 0 0 0 0 -1 0 0 -1 0 0 -1 0 0 -1 0 -0 1 -0 -0 1 -0 -0 1 -0 -0 1 -0 0 0 0 -1 -1.74384e-15 -2.205229e-13 -1 -1.74384e-15 -2.205229e-13 -1 -1.74384e-15 -2.205229e-13 -1 -1.74384e-15 -2.205229e-13 -1 -1.74384e-15 -2.205229e-13 -1 -1.74384e-15 -2.205229e-13 -1 -1.74384e-15 -2.205229e-13 -1 -1.74384e-15 -2.205229e-13 -1 -1.74384e-15 -2.205229e-13 -1 -1.74384e-15 -2.205229e-13 1 1.74384e-15 2.205229e-13 1 1.74384e-15 2.205229e-13 1 1.74384e-15 2.205229e-13 1 1.74384e-15 2.205229e-13 1 1.74384e-15 2.205229e-13 1 1.74384e-15 2.205229e-13 1 1.74384e-15 2.205229e-13 1 1.74384e-15 2.205229e-13 1 1.74384e-15 2.205229e-13 1 1.74384e-15 2.205229e-13 0 0 0 0 0 0 0 0 0 0 0 0 0 0 0 0 0 0 1.303053e-28 3.609557e-14 1 1.303053e-28 3.609557e-14 1 1.303053e-28 3.609557e-14 1 1.303053e-28 3.609557e-14 1 -1.303053e-28 -3.609557e-14 -1 -1.303053e-28 -3.609557e-14 -1 -1.303053e-28 -3.609557e-14 -1 -1.303053e-28 -3.609557e-14 -1 -1.804779e-15 -1 -3.342182e-16 -1.804779e-15 -1 -3.342182e-16 -1.804779e-15 -1 -3.342182e-16 -1.804779e-15 -1 -3.342182e-16 1.804779e-15 1 3.342182e-16 1.804779e-15 1 3.342182e-16 1.804779e-15 1 3.342182e-16 1.804779e-15 1 3.342182e-16 -0 -0 -1 -0 -0 -1 -0 -0 -1 -0 -0 -1 0 0 1 0 0 1 0 0 1 0 0 1 0 -1 0 0 -1 0 0 -1 0 0 -1 0 -0 1 -0 -0 1 -0 -0 1 -0 -0 1 -0 0 0 1 0 0 1 0 0 1 0 0 1 -0 -0 -1 -0 -0 -1 -0 -0 -1 -0 -0 -1 -3.609557e-15 -1 -3.609557e-14 -3.609557e-15 -1 -3.609557e-14 -3.609557e-15 -1 -3.609557e-14 -3.609557e-15 -1 -3.609557e-14 3.609557e-15 1 3.609557e-14 3.609557e-15 1 3.609557e-14 3.609557e-15 1 3.609557e-14 3.609557e-15 1 3.609557e-14 -2.606106e-28 -7.219114e-14 1 -2.606106e-28 -7.219114e-14 1 -2.606106e-28 -7.219114e-14 1 -2.606106e-28 -7.219114e-14 1 2.606106e-28 7.219114e-14 -1 2.606106e-28 7.219114e-14 -1 2.606106e-28 7.219114e-14 -1 2.606106e-28 7.219114e-14 -1</float_array>
                    <technique_common>
                        <accessor count="140" source="#ID44" stride="3">
                            <param name="X" type="float" />
                            <param name="Y" type="float" />
                            <param name="Z" type="float" />
                        </accessor>
                    </technique_common>
                </source>
                <source id="ID41">
                    <Name_array id="ID45" count="0" />
                    <technique_common>
                        <accessor count="0" source="#ID45" stride="1">
                            <param name="skp_material" type="Name" />
                        </accessor>
                    </technique_common>
                </source>
                <vertices id="ID42">
                    <input semantic="POSITION" source="#ID39" />
                    <input semantic="NORMAL" source="#ID40" />
                </vertices>
                <triangles count="36" material="Material2">
                    <input offset="0" semantic="VERTEX" source="#ID42" />
                    <p>0 1 2 1 0 3 12 13 14 13 12 15 22 23 24 23 22 25 26 27 28 27 26 29 29 26 25 25 26 30 23 30 31 30 23 25 49 50 51 50 49 52 58 59 60 59 58 61 61 58 62 62 63 64 63 62 65 65 62 58 59 66 67 66 59 61 84 85 86 85 84 87 92 93 94 93 92 95 100 101 102 101 100 103 108 109 110 109 108 111 116 117 118 117 116 119 124 125 126 125 124 127 132 133 134 133 132 135</p>
                </triangles>
                <triangles count="36" material="Material3">
                    <input offset="0" semantic="VERTEX" source="#ID42" />
                    <p>4 5 6 7 6 5 16 17 18 19 18 17 32 33 34 35 34 33 34 36 32 32 36 37 37 36 38 39 38 36 32 40 33 41 33 40 53 54 55 56 55 54 68 69 70 71 70 69 72 73 74 74 73 75 76 75 73 73 72 68 68 72 69 77 69 72 88 89 90 91 90 89 96 97 98 99 98 97 104 105 106 107 106 105 112 113 114 115 114 113 120 121 122 123 122 121 128 129 130 131 130 129 136 137 138 139 138 137</p>
                </triangles>
                <lines count="30" material="Material4">
                    <input offset="0" semantic="VERTEX" source="#ID42" />
                    <p>8 9 9 10 11 10 8 11 8 20 20 21 21 9 42 43 43 44 44 45 46 45 46 10 21 47 47 48 42 48 57 46 11 57 78 79 79 80 20 80 57 81 81 82 83 82 83 78 80 47 78 42 83 43 82 44 81 45 79 48</p>
                </lines>
            </mesh>
        </geometry>
        <geometry id="ID48">
            <mesh>
                <source id="ID49">
                    <float_array id="ID53" count="531">75.59055 0 3.937008 -3.937008 0 3.937008 75.59055 1.421085e-14 3.512923e-11 -3.937008 0 -1.98952e-12 -3.937008 0 3.937008 75.59055 1.421085e-14 3.512923e-11 -3.937008 0 -1.98952e-12 75.59055 0 3.937008 -3.937008 0 3.937008 75.59055 0 3.937008 75.59055 1.421085e-14 3.512923e-11 -3.937008 0 -1.98952e-12 75.59055 -0.5905512 3.937008 71.25984 -0.3937008 3.937008 75.59055 0 3.937008 70.86614 -0.3937008 3.937008 70.86614 -0.5905512 3.937008 0.7874016 -0.3937008 3.937008 0.3937008 -0.3937008 3.937008 -3.937008 0 3.937008 0.3937008 -0.5905512 3.937008 -3.937008 -0.5905512 3.937008 71.25984 -0.5905512 3.937008 0.7874016 -0.5905512 3.937008 70.86614 -0.5905512 3.937008 0.7874016 -0.3937008 3.937008 0.7874016 -0.5905512 3.937008 75.59055 -0.5905512 3.937008 71.25984 -0.3937008 3.937008 71.25984 -0.5905512 3.937008 0.3937008 -0.5905512 3.937008 -3.937008 0 3.937008 -3.937008 -0.5905512 3.937008 0.3937008 -0.3937008 3.937008 75.59055 0 3.937008 70.86614 -0.3937008 3.937008 70.86614 -0.3937008 3.937008 71.25984 -0.3937008 3.937008 71.25984 -0.5905512 3.937008 75.59055 -0.5905512 3.937008 -3.937008 -0.5905512 3.937008 0.3937008 -0.5905512 3.937008 0.3937008 -0.3937008 3.937008 0.7874016 -0.3937008 3.937008 0.7874016 -0.5905512 3.937008 70.86614 -0.5905512 3.937008 75.59055 1.421085e-14 3.512923e-11 75.59055 -0.3937008 3.512923e-11 75.59055 0 3.937008 75.59055 -0.5905512 3.512923e-11 75.59055 -0.5905512 3.937008 75.59055 -0.5905512 3.512923e-11 75.59055 0 3.937008 75.59055 -0.5905512 3.937008 75.59055 -0.3937008 3.512923e-11 75.59055 1.421085e-14 3.512923e-11 75.59055 -0.5905512 3.512923e-11 75.59055 -0.3937008 3.512923e-11 0.3937008 -0.3937008 -8.697043e-12 -3.937008 -0.5905512 -1.98952e-12 0.3937008 -0.5905512 -8.697043e-12 70.86614 -0.3937008 1.679723e-11 0.7874016 -0.5905512 9.947598e-14 70.86614 -0.5905512 1.679723e-11 75.59055 -0.3937008 3.512923e-11 75.59055 1.421085e-14 3.512923e-11 71.25984 -0.3937008 3.512923e-11 0.7874016 -0.3937008 9.947598e-14 -3.937008 0 -1.98952e-12 -3.937008 0 -1.98952e-12 0.3937008 -0.3937008 -8.697043e-12 -3.937008 -0.5905512 -1.98952e-12 75.59055 1.421085e-14 3.512923e-11 0.7874016 -0.3937008 9.947598e-14 0.7874016 -0.5905512 9.947598e-14 70.86614 -0.3937008 1.679723e-11 71.25984 -0.3937008 3.512923e-11 75.59055 -0.3937008 3.512923e-11 70.86614 -0.5905512 1.679723e-11 0.3937008 -0.5905512 -8.697043e-12 0.7874016 -0.3937008 9.947598e-14 0.3937008 -0.3937008 -8.697043e-12 0.3937008 -0.5905512 -8.697043e-12 -3.937008 -0.5905512 -1.98952e-12 71.25984 -0.3937008 3.512923e-11 70.86614 -0.3937008 1.679723e-11 70.86614 -0.5905512 1.679723e-11 0.7874016 -0.5905512 9.947598e-14 -3.937008 0 -1.98952e-12 -3.937008 0 3.937008 -3.937008 -0.5905512 -1.98952e-12 -3.937008 -0.5905512 3.937008 -3.937008 0 3.937008 -3.937008 -0.5905512 -1.98952e-12 -3.937008 -0.5905512 3.937008 -3.937008 0 -1.98952e-12 71.25984 -0.3937008 3.937008 71.25984 -0.3937008 3.512923e-11 70.86614 -0.3937008 3.937008 70.86614 -0.3937008 1.679723e-11 71.25984 -0.3937008 3.512923e-11 70.86614 -0.3937008 3.937008 70.86614 -0.3937008 1.679723e-11 71.25984 -0.3937008 3.937008 71.25984 -0.3937008 3.512923e-11 71.25984 -0.3937008 3.937008 71.25984 -0.5905512 3.512923e-11 71.25984 -0.5905512 3.937008 71.25984 -0.3937008 3.937008 71.25984 -0.5905512 3.512923e-11 71.25984 -0.5905512 3.937008 71.25984 -0.3937008 3.512923e-11 71.25984 -0.5905512 3.512923e-11 71.25984 -0.5905512 3.937008 75.59055 -0.5905512 3.937008 71.25984 -0.5905512 3.512923e-11 75.59055 -0.5905512 3.512923e-11 75.59055 -0.5905512 3.937008 71.25984 -0.5905512 3.512923e-11 75.59055 -0.5905512 3.512923e-11 71.25984 -0.5905512 3.937008 -3.937008 -0.5905512 3.937008 0.3937008 -0.5905512 3.937008 -3.937008 -0.5905512 -1.98952e-12 0.3937008 -0.5905512 -8.697043e-12 0.3937008 -0.5905512 3.937008 -3.937008 -0.5905512 -1.98952e-12 0.3937008 -0.5905512 -8.697043e-12 -3.937008 -0.5905512 3.937008 0.3937008 -0.3937008 3.937008 0.3937008 -0.3937008 -8.697043e-12 0.3937008 -0.5905512 3.937008 0.3937008 -0.5905512 -8.697043e-12 0.3937008 -0.3937008 -8.697043e-12 0.3937008 -0.5905512 3.937008 0.3937008 -0.5905512 -8.697043e-12 0.3937008 -0.3937008 3.937008 0.7874016 -0.3937008 3.937008 0.7874016 -0.3937008 9.947598e-14 0.3937008 -0.3937008 3.937008 0.3937008 -0.3937008 -8.697043e-12 0.7874016 -0.3937008 9.947598e-14 0.3937008 -0.3937008 3.937008 0.3937008 -0.3937008 -8.697043e-12 0.7874016 -0.3937008 3.937008 0.7874016 -0.3937008 9.947598e-14 0.7874016 -0.3937008 3.937008 0.7874016 -0.5905512 9.947598e-14 0.7874016 -0.5905512 3.937008 0.7874016 -0.3937008 3.937008 0.7874016 -0.5905512 9.947598e-14 0.7874016 -0.5905512 3.937008 0.7874016 -0.3937008 9.947598e-14 70.86614 -0.5905512 3.937008 70.86614 -0.5905512 1.679723e-11 0.7874016 -0.5905512 3.937008 0.7874016 -0.5905512 9.947598e-14 70.86614 -0.5905512 1.679723e-11 0.7874016 -0.5905512 3.937008 0.7874016 -0.5905512 9.947598e-14 70.86614 -0.5905512 3.937008 70.86614 -0.3937008 1.679723e-11 70.86614 -0.5905512 1.679723e-11 70.86614 -0.3937008 3.937008 70.86614 -0.5905512 3.937008 70.86614 -0.5905512 1.679723e-11 70.86614 -0.3937008 3.937008 70.86614 -0.5905512 3.937008 70.86614 -0.3937008 1.679723e-11 75.59055 -0.5905512 3.512923e-11 75.59055 -0.3937008 3.512923e-11 71.25984 -0.5905512 3.512923e-11 71.25984 -0.3937008 3.512923e-11 75.59055 -0.3937008 3.512923e-11 71.25984 -0.5905512 3.512923e-11 71.25984 -0.3937008 3.512923e-11 75.59055 -0.5905512 3.512923e-11</float_array>
                    <technique_common>
                        <accessor count="177" source="#ID53" stride="3">
                            <param name="X" type="float" />
                            <param name="Y" type="float" />
                            <param name="Z" type="float" />
                        </accessor>
                    </technique_common>
                </source>
                <source id="ID50">
                    <float_array id="ID54" count="531">-8.934547e-17 1 1.804779e-15 -8.934547e-17 1 1.804779e-15 -8.934547e-17 1 1.804779e-15 -8.934547e-17 1 1.804779e-15 8.934547e-17 -1 -1.804779e-15 8.934547e-17 -1 -1.804779e-15 8.934547e-17 -1 -1.804779e-15 8.934547e-17 -1 -1.804779e-15 0 0 0 0 0 0 0 0 0 0 0 0 -3.343865e-13 -7.683955e-12 1 -3.343865e-13 -7.683955e-12 1 -3.343865e-13 -7.683955e-12 1 -3.343865e-13 -7.683955e-12 1 -3.343865e-13 -7.683955e-12 1 -3.343865e-13 -7.683955e-12 1 -3.343865e-13 -7.683955e-12 1 -3.343865e-13 -7.683955e-12 1 -3.343865e-13 -7.683955e-12 1 -3.343865e-13 -7.683955e-12 1 -3.343865e-13 -7.683955e-12 1 -3.343865e-13 -7.683955e-12 1 3.343865e-13 7.683955e-12 -1 3.343865e-13 7.683955e-12 -1 3.343865e-13 7.683955e-12 -1 3.343865e-13 7.683955e-12 -1 3.343865e-13 7.683955e-12 -1 3.343865e-13 7.683955e-12 -1 3.343865e-13 7.683955e-12 -1 3.343865e-13 7.683955e-12 -1 3.343865e-13 7.683955e-12 -1 3.343865e-13 7.683955e-12 -1 3.343865e-13 7.683955e-12 -1 3.343865e-13 7.683955e-12 -1 0 0 0 0 0 0 0 0 0 0 0 0 0 0 0 0 0 0 0 0 0 0 0 0 0 0 0 0 0 0 1 -1.354568e-12 4.512406e-12 1 -1.354568e-12 4.512406e-12 1 -1.354568e-12 4.512406e-12 1 -1.354568e-12 4.512406e-12 1 -1.354568e-12 4.512406e-12 -1 1.354568e-12 -4.512406e-12 -1 1.354568e-12 -4.512406e-12 -1 1.354568e-12 -4.512406e-12 -1 1.354568e-12 -4.512406e-12 -1 1.354568e-12 -4.512406e-12 0 0 0 0 0 0 4.152266e-13 1.221128e-11 -1 4.152266e-13 1.221128e-11 -1 4.152266e-13 1.221128e-11 -1 4.152266e-13 1.221128e-11 -1 4.152266e-13 1.221128e-11 -1 4.152266e-13 1.221128e-11 -1 4.152266e-13 1.221128e-11 -1 4.152266e-13 1.221128e-11 -1 4.152266e-13 1.221128e-11 -1 4.152266e-13 1.221128e-11 -1 4.152266e-13 1.221128e-11 -1 -4.152266e-13 -1.221128e-11 1 -4.152266e-13 -1.221128e-11 1 -4.152266e-13 -1.221128e-11 1 -4.152266e-13 -1.221128e-11 1 -4.152266e-13 -1.221128e-11 1 -4.152266e-13 -1.221128e-11 1 -4.152266e-13 -1.221128e-11 1 -4.152266e-13 -1.221128e-11 1 -4.152266e-13 -1.221128e-11 1 -4.152266e-13 -1.221128e-11 1 -4.152266e-13 -1.221128e-11 1 0 0 0 0 0 0 0 0 0 0 0 0 0 0 0 0 0 0 0 0 0 0 0 0 -1 -2.255973e-16 -4.908998e-13 -1 -2.255973e-16 -4.908998e-13 -1 -2.255973e-16 -4.908998e-13 -1 -2.255973e-16 -4.908998e-13 1 2.255973e-16 4.908998e-13 1 2.255973e-16 4.908998e-13 1 2.255973e-16 4.908998e-13 1 2.255973e-16 4.908998e-13 1.804779e-14 -1 -1.804779e-15 1.804779e-14 -1 -1.804779e-15 1.804779e-14 -1 -1.804779e-15 1.804779e-14 -1 -1.804779e-15 -1.804779e-14 1 1.804779e-15 -1.804779e-14 1 1.804779e-15 -1.804779e-14 1 1.804779e-15 -1.804779e-14 1 1.804779e-15 -1 0 0 -1 0 0 -1 0 0 -1 0 0 1 -0 -0 1 -0 -0 1 -0 -0 1 -0 -0 0 0 0 -1.640708e-15 -1 -1.804779e-15 -1.640708e-15 -1 -1.804779e-15 -1.640708e-15 -1 -1.804779e-15 -1.640708e-15 -1 -1.804779e-15 1.640708e-15 1 1.804779e-15 1.640708e-15 1 1.804779e-15 1.640708e-15 1 1.804779e-15 1.640708e-15 1 1.804779e-15 0 -1 0 0 -1 0 0 -1 0 0 -1 0 -0 1 -0 -0 1 -0 -0 1 -0 -0 1 -0 1 0 0 1 0 0 1 0 0 1 0 0 -1 -0 -0 -1 -0 -0 -1 -0 -0 -1 -0 -0 4.511946e-15 -1 1.107463e-27 4.511946e-15 -1 1.107463e-27 4.511946e-15 -1 1.107463e-27 4.511946e-15 -1 1.107463e-27 -4.511946e-15 1 -1.107463e-27 -4.511946e-15 1 -1.107463e-27 -4.511946e-15 1 -1.107463e-27 -4.511946e-15 1 -1.107463e-27 -1 0 -4.908998e-13 -1 0 -4.908998e-13 -1 0 -4.908998e-13 -1 0 -4.908998e-13 1 -0 4.908998e-13 1 -0 4.908998e-13 1 -0 4.908998e-13 1 -0 4.908998e-13 1.013921e-16 -1 -1.804779e-15 1.013921e-16 -1 -1.804779e-15 1.013921e-16 -1 -1.804779e-15 1.013921e-16 -1 -1.804779e-15 -1.013921e-16 1 1.804779e-15 -1.013921e-16 1 1.804779e-15 -1.013921e-16 1 1.804779e-15 -1.013921e-16 1 1.804779e-15 1 8.403642e-28 4.656329e-12 1 8.403642e-28 4.656329e-12 1 8.403642e-28 4.656329e-12 1 8.403642e-28 4.656329e-12 -1 -8.403642e-28 -4.656329e-12 -1 -8.403642e-28 -4.656329e-12 -1 -8.403642e-28 -4.656329e-12 -1 -8.403642e-28 -4.656329e-12 0 0 -1 0 0 -1 0 0 -1 0 0 -1 -0 -0 1 -0 -0 1 -0 -0 1 -0 -0 1</float_array>
                    <technique_common>
                        <accessor count="177" source="#ID54" stride="3">
                            <param name="X" type="float" />
                            <param name="Y" type="float" />
                            <param name="Z" type="float" />
                        </accessor>
                    </technique_common>
                </source>
                <source id="ID51">
                    <Name_array id="ID55" count="0" />
                    <technique_common>
                        <accessor count="0" source="#ID55" stride="1">
                            <param name="skp_material" type="Name" />
                        </accessor>
                    </technique_common>
                </source>
                <vertices id="ID52">
                    <input semantic="POSITION" source="#ID49" />
                    <input semantic="NORMAL" source="#ID50" />
                </vertices>
                <triangles count="46" material="Material2">
                    <input offset="0" semantic="VERTEX" source="#ID52" />
                    <p>0 1 2 3 2 1 12 13 14 13 15 14 16 17 15 15 17 14 17 18 14 14 18 19 18 20 19 21 19 20 22 13 12 23 17 16 46 47 48 47 49 48 50 48 49 58 59 60 61 62 63 64 65 66 66 65 61 61 65 62 62 65 67 67 65 58 65 68 58 59 58 68 88 89 90 91 90 89 96 97 98 99 98 97 104 105 106 107 106 105 113 114 115 116 115 114 121 122 123 124 123 122 129 130 131 132 131 130 137 138 139 140 139 138 145 146 147 148 147 146 153 154 155 156 155 154 161 162 163 164 163 162 169 170 171 172 171 170</p>
                </triangles>
                <triangles count="46" material="Material3">
                    <input offset="0" semantic="VERTEX" source="#ID52" />
                    <p>4 5 6 5 4 7 24 25 26 27 28 29 30 31 32 31 30 33 31 33 34 34 33 25 34 25 35 35 25 24 34 35 28 34 28 27 51 52 53 52 51 54 52 54 55 69 70 71 70 69 72 70 72 73 73 72 74 74 72 75 75 72 76 76 72 77 78 74 75 79 71 70 92 93 94 93 92 95 100 101 102 101 100 103 108 109 110 109 108 111 117 118 119 118 117 120 125 126 127 126 125 128 133 134 135 134 133 136 141 142 143 142 141 144 149 150 151 150 149 152 157 158 159 158 157 160 165 166 167 166 165 168 173 174 175 174 173 176</p>
                </triangles>
                <lines count="38" material="Material4">
                    <input offset="0" semantic="VERTEX" source="#ID52" />
                    <p>8 9 9 10 10 11 8 11 36 37 37 38 38 39 9 39 8 40 40 41 42 41 42 43 44 43 44 45 45 36 39 56 56 57 10 57 80 81 81 82 82 83 11 83 57 84 84 85 86 85 86 87 87 80 40 83 84 37 36 85 112 84 112 38 56 112 82 41 81 42 43 80 44 87 45 86</p>
                </lines>
            </mesh>
        </geometry>
        <geometry id="ID57">
            <mesh>
                <source id="ID58">
                    <float_array id="ID62" count="420">3.937008 -0.5905512 -7.874016 3.937008 3.907985e-14 -7.874016 1.8332e-11 -0.5905512 -7.874016 1.8332e-11 3.907985e-14 -7.874016 3.937008 3.907985e-14 -7.874016 1.8332e-11 -0.5905512 -7.874016 1.8332e-11 3.907985e-14 -7.874016 3.937008 -0.5905512 -7.874016 1.8332e-11 3.907985e-14 -7.874016 3.937008 3.907985e-14 -7.874016 3.937008 -0.5905512 -7.874016 1.8332e-11 -0.5905512 -7.874016 3.937008 -3.552714e-15 75.19685 0 1.065814e-14 75.19685 3.937008 3.907985e-14 -7.874016 1.8332e-11 3.907985e-14 -7.874016 0 1.065814e-14 75.19685 3.937008 3.907985e-14 -7.874016 1.8332e-11 3.907985e-14 -7.874016 3.937008 -3.552714e-15 75.19685 0 1.065814e-14 75.19685 3.937008 -3.552714e-15 75.19685 3.937008 -0.3937008 0.3937008 3.937008 -0.3937008 74.80315 3.937008 -3.552714e-15 75.19685 3.937008 -0.3937008 75.19685 3.937008 3.907985e-14 -7.874016 3.937008 -0.3937008 0 3.937008 -0.5905512 0 3.937008 -0.5905512 -7.874016 3.937008 -0.5905512 0.3937008 3.937008 -0.5905512 74.80315 3.937008 -0.5905512 0.3937008 3.937008 -0.3937008 74.80315 3.937008 -0.5905512 74.80315 3.937008 -0.3937008 0.3937008 3.937008 3.907985e-14 -7.874016 3.937008 -0.5905512 0 3.937008 -0.5905512 -7.874016 3.937008 -0.3937008 0 3.937008 -3.552714e-15 75.19685 3.937008 -0.3937008 75.19685 3.937008 -0.3937008 75.19685 3.937008 -0.3937008 74.80315 3.937008 -0.5905512 74.80315 3.937008 -0.5905512 0.3937008 3.937008 -0.3937008 0.3937008 3.937008 -0.3937008 0 3.937008 -0.5905512 0 1.658407e-11 -0.5905512 0 3.937008 -0.5905512 0 1.8332e-11 -0.5905512 -7.874016 3.937008 -0.5905512 -7.874016 3.937008 -0.5905512 0 1.8332e-11 -0.5905512 -7.874016 3.937008 -0.5905512 -7.874016 1.658407e-11 -0.5905512 0 1.658407e-11 -0.5905512 0 1.64988e-11 -0.3937008 0.3937008 9.947598e-14 -0.3937008 74.80315 1.64988e-11 -0.5905512 0.3937008 9.947598e-14 -0.5905512 74.80315 0 1.065814e-14 75.19685 1.658407e-11 -0.3937008 0 1.8332e-11 3.907985e-14 -7.874016 1.8332e-11 -0.5905512 -7.874016 1.658407e-11 -0.5905512 0 0 -0.3937008 75.19685 0 1.065814e-14 75.19685 9.947598e-14 -0.3937008 74.80315 0 -0.3937008 75.19685 1.64988e-11 -0.3937008 0.3937008 1.658407e-11 -0.3937008 0 1.8332e-11 -0.5905512 -7.874016 1.658407e-11 -0.5905512 0 1.8332e-11 3.907985e-14 -7.874016 1.64988e-11 -0.5905512 0.3937008 9.947598e-14 -0.5905512 74.80315 9.947598e-14 -0.5905512 74.80315 9.947598e-14 -0.3937008 74.80315 0 -0.3937008 75.19685 1.658407e-11 -0.3937008 0 1.64988e-11 -0.3937008 0.3937008 1.64988e-11 -0.5905512 0.3937008 3.937008 -3.552714e-15 75.19685 3.937008 -0.3937008 75.19685 0 1.065814e-14 75.19685 0 -0.3937008 75.19685 3.937008 -0.3937008 75.19685 0 1.065814e-14 75.19685 0 -0.3937008 75.19685 3.937008 -3.552714e-15 75.19685 0 -0.3937008 75.19685 3.937008 -0.3937008 75.19685 9.947598e-14 -0.3937008 74.80315 3.937008 -0.3937008 74.80315 3.937008 -0.3937008 75.19685 9.947598e-14 -0.3937008 74.80315 3.937008 -0.3937008 74.80315 0 -0.3937008 75.19685 3.937008 -0.3937008 74.80315 3.937008 -0.5905512 74.80315 9.947598e-14 -0.3937008 74.80315 9.947598e-14 -0.5905512 74.80315 3.937008 -0.5905512 74.80315 9.947598e-14 -0.3937008 74.80315 9.947598e-14 -0.5905512 74.80315 3.937008 -0.3937008 74.80315 9.947598e-14 -0.5905512 74.80315 3.937008 -0.5905512 74.80315 1.64988e-11 -0.5905512 0.3937008 3.937008 -0.5905512 0.3937008 3.937008 -0.5905512 74.80315 1.64988e-11 -0.5905512 0.3937008 3.937008 -0.5905512 0.3937008 9.947598e-14 -0.5905512 74.80315 3.937008 -0.5905512 0.3937008 3.937008 -0.3937008 0.3937008 1.64988e-11 -0.5905512 0.3937008 1.64988e-11 -0.3937008 0.3937008 3.937008 -0.3937008 0.3937008 1.64988e-11 -0.5905512 0.3937008 1.64988e-11 -0.3937008 0.3937008 3.937008 -0.5905512 0.3937008 1.64988e-11 -0.3937008 0.3937008 3.937008 -0.3937008 0.3937008 1.658407e-11 -0.3937008 0 3.937008 -0.3937008 0 3.937008 -0.3937008 0.3937008 1.658407e-11 -0.3937008 0 3.937008 -0.3937008 0 1.64988e-11 -0.3937008 0.3937008 3.937008 -0.3937008 0 3.937008 -0.5905512 0 1.658407e-11 -0.3937008 0 1.658407e-11 -0.5905512 0 3.937008 -0.5905512 0 1.658407e-11 -0.3937008 0 1.658407e-11 -0.5905512 0 3.937008 -0.3937008 0</float_array>
                    <technique_common>
                        <accessor count="140" source="#ID62" stride="3">
                            <param name="X" type="float" />
                            <param name="Y" type="float" />
                            <param name="Z" type="float" />
                        </accessor>
                    </technique_common>
                </source>
                <source id="ID59">
                    <float_array id="ID63" count="420">0 5.013274e-16 -1 0 5.013274e-16 -1 0 5.013274e-16 -1 0 5.013274e-16 -1 -0 -5.013274e-16 1 -0 -5.013274e-16 1 -0 -5.013274e-16 1 -0 -5.013274e-16 1 0 0 0 0 0 0 0 0 0 0 0 0 1.804779e-15 1 4.276726e-16 1.804779e-15 1 4.276726e-16 1.804779e-15 1 4.276726e-16 1.804779e-15 1 4.276726e-16 -1.804779e-15 -1 -4.276726e-16 -1.804779e-15 -1 -4.276726e-16 -1.804779e-15 -1 -4.276726e-16 -1.804779e-15 -1 -4.276726e-16 0 0 0 0 0 0 1 1.74384e-15 2.205229e-13 1 1.74384e-15 2.205229e-13 1 1.74384e-15 2.205229e-13 1 1.74384e-15 2.205229e-13 1 1.74384e-15 2.205229e-13 1 1.74384e-15 2.205229e-13 1 1.74384e-15 2.205229e-13 1 1.74384e-15 2.205229e-13 1 1.74384e-15 2.205229e-13 1 1.74384e-15 2.205229e-13 -1 -1.74384e-15 -2.205229e-13 -1 -1.74384e-15 -2.205229e-13 -1 -1.74384e-15 -2.205229e-13 -1 -1.74384e-15 -2.205229e-13 -1 -1.74384e-15 -2.205229e-13 -1 -1.74384e-15 -2.205229e-13 -1 -1.74384e-15 -2.205229e-13 -1 -1.74384e-15 -2.205229e-13 -1 -1.74384e-15 -2.205229e-13 -1 -1.74384e-15 -2.205229e-13 0 0 0 0 0 0 0 0 0 0 0 0 0 0 0 0 0 0 0 0 0 0 -1 0 0 -1 0 0 -1 0 0 -1 0 -0 1 -0 -0 1 -0 -0 1 -0 -0 1 -0 0 0 0 -1 -1.74384e-15 -2.205229e-13 -1 -1.74384e-15 -2.205229e-13 -1 -1.74384e-15 -2.205229e-13 -1 -1.74384e-15 -2.205229e-13 -1 -1.74384e-15 -2.205229e-13 -1 -1.74384e-15 -2.205229e-13 -1 -1.74384e-15 -2.205229e-13 -1 -1.74384e-15 -2.205229e-13 -1 -1.74384e-15 -2.205229e-13 -1 -1.74384e-15 -2.205229e-13 1 1.74384e-15 2.205229e-13 1 1.74384e-15 2.205229e-13 1 1.74384e-15 2.205229e-13 1 1.74384e-15 2.205229e-13 1 1.74384e-15 2.205229e-13 1 1.74384e-15 2.205229e-13 1 1.74384e-15 2.205229e-13 1 1.74384e-15 2.205229e-13 1 1.74384e-15 2.205229e-13 1 1.74384e-15 2.205229e-13 0 0 0 0 0 0 0 0 0 0 0 0 0 0 0 0 0 0 1.303053e-28 3.609557e-14 1 1.303053e-28 3.609557e-14 1 1.303053e-28 3.609557e-14 1 1.303053e-28 3.609557e-14 1 -1.303053e-28 -3.609557e-14 -1 -1.303053e-28 -3.609557e-14 -1 -1.303053e-28 -3.609557e-14 -1 -1.303053e-28 -3.609557e-14 -1 -3.609557e-15 -1 -3.609557e-14 -3.609557e-15 -1 -3.609557e-14 -3.609557e-15 -1 -3.609557e-14 -3.609557e-15 -1 -3.609557e-14 3.609557e-15 1 3.609557e-14 3.609557e-15 1 3.609557e-14 3.609557e-15 1 3.609557e-14 3.609557e-15 1 3.609557e-14 -2.606106e-28 -7.219114e-14 1 -2.606106e-28 -7.219114e-14 1 -2.606106e-28 -7.219114e-14 1 -2.606106e-28 -7.219114e-14 1 2.606106e-28 7.219114e-14 -1 2.606106e-28 7.219114e-14 -1 2.606106e-28 7.219114e-14 -1 2.606106e-28 7.219114e-14 -1 -1.804779e-15 -1 -2.864728e-16 -1.804779e-15 -1 -2.864728e-16 -1.804779e-15 -1 -2.864728e-16 -1.804779e-15 -1 -2.864728e-16 1.804779e-15 1 2.864728e-16 1.804779e-15 1 2.864728e-16 1.804779e-15 1 2.864728e-16 1.804779e-15 1 2.864728e-16 -0 -0 -1 -0 -0 -1 -0 -0 -1 -0 -0 -1 0 0 1 0 0 1 0 0 1 0 0 1 0 -1 0 0 -1 0 0 -1 0 0 -1 0 -0 1 -0 -0 1 -0 -0 1 -0 -0 1 -0 0 0 1 0 0 1 0 0 1 0 0 1 -0 -0 -1 -0 -0 -1 -0 -0 -1 -0 -0 -1</float_array>
                    <technique_common>
                        <accessor count="140" source="#ID63" stride="3">
                            <param name="X" type="float" />
                            <param name="Y" type="float" />
                            <param name="Z" type="float" />
                        </accessor>
                    </technique_common>
                </source>
                <source id="ID60">
                    <Name_array id="ID64" count="0" />
                    <technique_common>
                        <accessor count="0" source="#ID64" stride="1">
                            <param name="skp_material" type="Name" />
                        </accessor>
                    </technique_common>
                </source>
                <vertices id="ID61">
                    <input semantic="POSITION" source="#ID58" />
                    <input semantic="NORMAL" source="#ID59" />
                </vertices>
                <triangles count="36" material="Material2">
                    <input offset="0" semantic="VERTEX" source="#ID61" />
                    <p>0 1 2 3 2 1 12 13 14 15 14 13 22 23 24 25 24 23 24 26 22 22 26 27 27 26 28 29 28 26 22 30 23 31 23 30 49 50 51 52 51 50 58 59 60 61 60 59 62 63 64 64 63 65 66 65 63 63 62 58 58 62 59 67 59 62 84 85 86 87 86 85 92 93 94 95 94 93 100 101 102 103 102 101 108 109 110 111 110 109 116 117 118 119 118 117 124 125 126 127 126 125 132 133 134 135 134 133</p>
                </triangles>
                <triangles count="36" material="Material3">
                    <input offset="0" semantic="VERTEX" source="#ID61" />
                    <p>4 5 6 5 4 7 16 17 18 17 16 19 32 33 34 33 32 35 36 37 38 37 36 39 39 36 35 35 36 40 33 40 41 40 33 35 53 54 55 54 53 56 68 69 70 69 68 71 71 68 72 72 73 74 73 72 75 75 72 68 69 76 77 76 69 71 88 89 90 89 88 91 96 97 98 97 96 99 104 105 106 105 104 107 112 113 114 113 112 115 120 121 122 121 120 123 128 129 130 129 128 131 136 137 138 137 136 139</p>
                </triangles>
                <lines count="30" material="Material4">
                    <input offset="0" semantic="VERTEX" source="#ID61" />
                    <p>8 9 9 10 11 10 8 11 8 20 20 21 21 9 42 43 44 43 44 45 45 46 46 47 48 47 48 10 21 42 57 48 11 57 78 79 79 80 20 80 57 81 81 82 83 82 83 78 80 42 79 43 78 44 83 45 82 46 81 47</p>
                </lines>
            </mesh>
        </geometry>
        <geometry id="ID66">
            <mesh>
                <source id="ID67">
                    <float_array id="ID71" count="420">3.937008 -0.5905512 -7.874016 3.937008 4.263256e-14 -7.874016 1.8332e-11 -0.5905512 -7.874016 1.8332e-11 4.263256e-14 -7.874016 3.937008 4.263256e-14 -7.874016 1.8332e-11 -0.5905512 -7.874016 1.8332e-11 4.263256e-14 -7.874016 3.937008 -0.5905512 -7.874016 1.8332e-11 4.263256e-14 -7.874016 3.937008 4.263256e-14 -7.874016 3.937008 -0.5905512 -7.874016 1.8332e-11 -0.5905512 -7.874016 3.937008 -3.552714e-15 75.19685 0 1.065814e-14 75.19685 3.937008 4.263256e-14 -7.874016 1.8332e-11 4.263256e-14 -7.874016 0 1.065814e-14 75.19685 3.937008 4.263256e-14 -7.874016 1.8332e-11 4.263256e-14 -7.874016 3.937008 -3.552714e-15 75.19685 0 1.065814e-14 75.19685 3.937008 -3.552714e-15 75.19685 3.937008 -0.3937008 0.3937008 3.937008 -0.3937008 74.80315 3.937008 -3.552714e-15 75.19685 3.937008 -0.3937008 75.19685 3.937008 4.263256e-14 -7.874016 3.937008 -0.3937008 0 3.937008 -0.5905512 0 3.937008 -0.5905512 -7.874016 3.937008 -0.5905512 0.3937008 3.937008 -0.5905512 74.80315 3.937008 -0.5905512 0.3937008 3.937008 -0.3937008 74.80315 3.937008 -0.5905512 74.80315 3.937008 -0.3937008 0.3937008 3.937008 4.263256e-14 -7.874016 3.937008 -0.5905512 0 3.937008 -0.5905512 -7.874016 3.937008 -0.3937008 0 3.937008 -3.552714e-15 75.19685 3.937008 -0.3937008 75.19685 3.937008 -0.5905512 74.80315 3.937008 -0.5905512 0.3937008 3.937008 -0.3937008 0.3937008 3.937008 -0.3937008 0 3.937008 -0.5905512 0 3.937008 -0.3937008 75.19685 3.937008 -0.3937008 74.80315 1.658407e-11 -0.5905512 0 3.937008 -0.5905512 0 1.8332e-11 -0.5905512 -7.874016 3.937008 -0.5905512 -7.874016 3.937008 -0.5905512 0 1.8332e-11 -0.5905512 -7.874016 3.937008 -0.5905512 -7.874016 1.658407e-11 -0.5905512 0 1.658407e-11 -0.5905512 0 1.64988e-11 -0.3937008 0.3937008 9.947598e-14 -0.3937008 74.80315 1.64988e-11 -0.5905512 0.3937008 9.947598e-14 -0.5905512 74.80315 0 1.065814e-14 75.19685 1.658407e-11 -0.3937008 0 1.8332e-11 4.263256e-14 -7.874016 1.8332e-11 -0.5905512 -7.874016 1.658407e-11 -0.5905512 0 0 -0.3937008 75.19685 0 1.065814e-14 75.19685 9.947598e-14 -0.3937008 74.80315 0 -0.3937008 75.19685 1.64988e-11 -0.3937008 0.3937008 1.658407e-11 -0.3937008 0 1.8332e-11 -0.5905512 -7.874016 1.658407e-11 -0.5905512 0 1.8332e-11 4.263256e-14 -7.874016 1.64988e-11 -0.5905512 0.3937008 9.947598e-14 -0.5905512 74.80315 9.947598e-14 -0.5905512 74.80315 9.947598e-14 -0.3937008 74.80315 0 -0.3937008 75.19685 1.658407e-11 -0.3937008 0 1.64988e-11 -0.3937008 0.3937008 1.64988e-11 -0.5905512 0.3937008 3.937008 -3.552714e-15 75.19685 3.937008 -0.3937008 75.19685 0 1.065814e-14 75.19685 0 -0.3937008 75.19685 3.937008 -0.3937008 75.19685 0 1.065814e-14 75.19685 0 -0.3937008 75.19685 3.937008 -3.552714e-15 75.19685 9.947598e-14 -0.5905512 74.80315 3.937008 -0.5905512 74.80315 1.64988e-11 -0.5905512 0.3937008 3.937008 -0.5905512 0.3937008 3.937008 -0.5905512 74.80315 1.64988e-11 -0.5905512 0.3937008 3.937008 -0.5905512 0.3937008 9.947598e-14 -0.5905512 74.80315 3.937008 -0.5905512 0.3937008 3.937008 -0.3937008 0.3937008 1.64988e-11 -0.5905512 0.3937008 1.64988e-11 -0.3937008 0.3937008 3.937008 -0.3937008 0.3937008 1.64988e-11 -0.5905512 0.3937008 1.64988e-11 -0.3937008 0.3937008 3.937008 -0.5905512 0.3937008 1.64988e-11 -0.3937008 0.3937008 3.937008 -0.3937008 0.3937008 1.658407e-11 -0.3937008 0 3.937008 -0.3937008 0 3.937008 -0.3937008 0.3937008 1.658407e-11 -0.3937008 0 3.937008 -0.3937008 0 1.64988e-11 -0.3937008 0.3937008 3.937008 -0.3937008 0 3.937008 -0.5905512 0 1.658407e-11 -0.3937008 0 1.658407e-11 -0.5905512 0 3.937008 -0.5905512 0 1.658407e-11 -0.3937008 0 1.658407e-11 -0.5905512 0 3.937008 -0.3937008 0 0 -0.3937008 75.19685 3.937008 -0.3937008 75.19685 9.947598e-14 -0.3937008 74.80315 3.937008 -0.3937008 74.80315 3.937008 -0.3937008 75.19685 9.947598e-14 -0.3937008 74.80315 3.937008 -0.3937008 74.80315 0 -0.3937008 75.19685 3.937008 -0.3937008 74.80315 3.937008 -0.5905512 74.80315 9.947598e-14 -0.3937008 74.80315 9.947598e-14 -0.5905512 74.80315 3.937008 -0.5905512 74.80315 9.947598e-14 -0.3937008 74.80315 9.947598e-14 -0.5905512 74.80315 3.937008 -0.3937008 74.80315</float_array>
                    <technique_common>
                        <accessor count="140" source="#ID71" stride="3">
                            <param name="X" type="float" />
                            <param name="Y" type="float" />
                            <param name="Z" type="float" />
                        </accessor>
                    </technique_common>
                </source>
                <source id="ID68">
                    <float_array id="ID72" count="420">0 5.013274e-16 -1 0 5.013274e-16 -1 0 5.013274e-16 -1 0 5.013274e-16 -1 -0 -5.013274e-16 1 -0 -5.013274e-16 1 -0 -5.013274e-16 1 -0 -5.013274e-16 1 0 0 0 0 0 0 0 0 0 0 0 0 1.804779e-15 1 4.704399e-16 1.804779e-15 1 4.704399e-16 1.804779e-15 1 4.704399e-16 1.804779e-15 1 4.704399e-16 -1.804779e-15 -1 -4.704399e-16 -1.804779e-15 -1 -4.704399e-16 -1.804779e-15 -1 -4.704399e-16 -1.804779e-15 -1 -4.704399e-16 0 0 0 0 0 0 1 1.74384e-15 2.205229e-13 1 1.74384e-15 2.205229e-13 1 1.74384e-15 2.205229e-13 1 1.74384e-15 2.205229e-13 1 1.74384e-15 2.205229e-13 1 1.74384e-15 2.205229e-13 1 1.74384e-15 2.205229e-13 1 1.74384e-15 2.205229e-13 1 1.74384e-15 2.205229e-13 1 1.74384e-15 2.205229e-13 -1 -1.74384e-15 -2.205229e-13 -1 -1.74384e-15 -2.205229e-13 -1 -1.74384e-15 -2.205229e-13 -1 -1.74384e-15 -2.205229e-13 -1 -1.74384e-15 -2.205229e-13 -1 -1.74384e-15 -2.205229e-13 -1 -1.74384e-15 -2.205229e-13 -1 -1.74384e-15 -2.205229e-13 -1 -1.74384e-15 -2.205229e-13 -1 -1.74384e-15 -2.205229e-13 0 0 0 0 0 0 0 0 0 0 0 0 0 0 0 0 0 0 0 0 0 0 -1 0 0 -1 0 0 -1 0 0 -1 0 -0 1 -0 -0 1 -0 -0 1 -0 -0 1 -0 0 0 0 -1 -1.74384e-15 -2.205229e-13 -1 -1.74384e-15 -2.205229e-13 -1 -1.74384e-15 -2.205229e-13 -1 -1.74384e-15 -2.205229e-13 -1 -1.74384e-15 -2.205229e-13 -1 -1.74384e-15 -2.205229e-13 -1 -1.74384e-15 -2.205229e-13 -1 -1.74384e-15 -2.205229e-13 -1 -1.74384e-15 -2.205229e-13 -1 -1.74384e-15 -2.205229e-13 1 1.74384e-15 2.205229e-13 1 1.74384e-15 2.205229e-13 1 1.74384e-15 2.205229e-13 1 1.74384e-15 2.205229e-13 1 1.74384e-15 2.205229e-13 1 1.74384e-15 2.205229e-13 1 1.74384e-15 2.205229e-13 1 1.74384e-15 2.205229e-13 1 1.74384e-15 2.205229e-13 1 1.74384e-15 2.205229e-13 0 0 0 0 0 0 0 0 0 0 0 0 0 0 0 0 0 0 1.303053e-28 3.609557e-14 1 1.303053e-28 3.609557e-14 1 1.303053e-28 3.609557e-14 1 1.303053e-28 3.609557e-14 1 -1.303053e-28 -3.609557e-14 -1 -1.303053e-28 -3.609557e-14 -1 -1.303053e-28 -3.609557e-14 -1 -1.303053e-28 -3.609557e-14 -1 -1.804779e-15 -1 -3.342182e-16 -1.804779e-15 -1 -3.342182e-16 -1.804779e-15 -1 -3.342182e-16 -1.804779e-15 -1 -3.342182e-16 1.804779e-15 1 3.342182e-16 1.804779e-15 1 3.342182e-16 1.804779e-15 1 3.342182e-16 1.804779e-15 1 3.342182e-16 -0 -0 -1 -0 -0 -1 -0 -0 -1 -0 -0 -1 0 0 1 0 0 1 0 0 1 0 0 1 0 -1 0 0 -1 0 0 -1 0 0 -1 0 -0 1 -0 -0 1 -0 -0 1 -0 -0 1 -0 0 0 1 0 0 1 0 0 1 0 0 1 -0 -0 -1 -0 -0 -1 -0 -0 -1 -0 -0 -1 -3.609557e-15 -1 -3.609557e-14 -3.609557e-15 -1 -3.609557e-14 -3.609557e-15 -1 -3.609557e-14 -3.609557e-15 -1 -3.609557e-14 3.609557e-15 1 3.609557e-14 3.609557e-15 1 3.609557e-14 3.609557e-15 1 3.609557e-14 3.609557e-15 1 3.609557e-14 -2.606106e-28 -7.219114e-14 1 -2.606106e-28 -7.219114e-14 1 -2.606106e-28 -7.219114e-14 1 -2.606106e-28 -7.219114e-14 1 2.606106e-28 7.219114e-14 -1 2.606106e-28 7.219114e-14 -1 2.606106e-28 7.219114e-14 -1 2.606106e-28 7.219114e-14 -1</float_array>
                    <technique_common>
                        <accessor count="140" source="#ID72" stride="3">
                            <param name="X" type="float" />
                            <param name="Y" type="float" />
                            <param name="Z" type="float" />
                        </accessor>
                    </technique_common>
                </source>
                <source id="ID69">
                    <Name_array id="ID73" count="0" />
                    <technique_common>
                        <accessor count="0" source="#ID73" stride="1">
                            <param name="skp_material" type="Name" />
                        </accessor>
                    </technique_common>
                </source>
                <vertices id="ID70">
                    <input semantic="POSITION" source="#ID67" />
                    <input semantic="NORMAL" source="#ID68" />
                </vertices>
                <triangles count="36" material="Material2">
                    <input offset="0" semantic="VERTEX" source="#ID70" />
                    <p>0 1 2 3 2 1 12 13 14 15 14 13 22 23 24 25 24 23 24 26 22 22 26 27 27 26 28 29 28 26 22 30 23 31 23 30 49 50 51 52 51 50 58 59 60 61 60 59 62 63 64 64 63 65 66 65 63 63 62 58 58 62 59 67 59 62 84 85 86 87 86 85 92 93 94 95 94 93 100 101 102 103 102 101 108 109 110 111 110 109 116 117 118 119 118 117 124 125 126 127 126 125 132 133 134 135 134 133</p>
                </triangles>
                <triangles count="36" material="Material3">
                    <input offset="0" semantic="VERTEX" source="#ID70" />
                    <p>4 5 6 5 4 7 16 17 18 17 16 19 32 33 34 33 32 35 36 37 38 37 36 39 39 36 35 35 36 40 33 40 41 40 33 35 53 54 55 54 53 56 68 69 70 69 68 71 71 68 72 72 73 74 73 72 75 75 72 68 69 76 77 76 69 71 88 89 90 89 88 91 96 97 98 97 96 99 104 105 106 105 104 107 112 113 114 113 112 115 120 121 122 121 120 123 128 129 130 129 128 131 136 137 138 137 136 139</p>
                </triangles>
                <lines count="30" material="Material4">
                    <input offset="0" semantic="VERTEX" source="#ID70" />
                    <p>8 9 9 10 11 10 8 11 8 20 20 21 21 9 42 43 43 44 44 45 46 45 46 10 21 47 47 48 42 48 57 46 11 57 78 79 79 80 20 80 57 81 81 82 83 82 83 78 80 47 78 42 83 43 82 44 81 45 79 48</p>
                </lines>
            </mesh>
        </geometry>
        <geometry id="ID77">
            <mesh>
                <source id="ID78">
                    <float_array id="ID82" count="240">35.33465 0 0 35.33465 0.7874016 0 5.222489e-12 0 0 0 0.7874016 0 35.33465 0.7874016 0 5.222489e-12 0 0 0 0.7874016 0 35.33465 0 0 0 0.7874016 0 5.222489e-12 0 0 35.33465 0.7874016 0 35.33465 0 0 0 0.7874016 0 0 0.7874016 82.67717 5.222489e-12 0 0 5.222489e-12 0 82.67717 0 0.7874016 82.67717 5.222489e-12 0 0 5.222489e-12 0 82.67717 0 0.7874016 0 5.222489e-12 0 82.67717 0 0.7874016 82.67717 0 0.7874016 82.67717 27.46063 0.7874016 74.80315 35.33465 0.7874016 82.67717 27.46063 0.7874016 7.874016 7.874016 0.7874016 7.874016 35.33465 0.7874016 0 7.874016 0.7874016 74.80315 0 0.7874016 0 0 0.7874016 0 7.874016 0.7874016 7.874016 35.33465 0.7874016 0 0 0.7874016 82.67717 7.874016 0.7874016 74.80315 27.46063 0.7874016 74.80315 27.46063 0.7874016 7.874016 35.33465 0.7874016 82.67717 35.33465 0.7874016 82.67717 7.874016 0.7874016 74.80315 7.874016 0.7874016 7.874016 27.46063 0.7874016 7.874016 27.46063 0.7874016 74.80315 35.33465 0.7874016 82.67717 35.33465 0.7874016 0 35.33465 0 82.67717 35.33465 0 0 35.33465 0.7874016 0 35.33465 0 82.67717 35.33465 0 0 35.33465 0.7874016 82.67717 35.33465 0 82.67717 35.33465 0 82.67717 7.086614 0 75.59055 5.222489e-12 0 82.67717 7.086614 0 7.086614 28.24803 0 7.086614 5.222489e-12 0 0 28.24803 0 75.59055 35.33465 0 0 35.33465 0 0 28.24803 0 7.086614 5.222489e-12 0 0 35.33465 0 82.67717 28.24803 0 75.59055 7.086614 0 75.59055 7.086614 0 7.086614 5.222489e-12 0 82.67717 7.086614 0 75.59055 7.086614 0 7.086614 28.24803 0 75.59055 28.24803 0 7.086614 35.33465 0 82.67717 5.222489e-12 0 82.67717 35.33465 0.7874016 82.67717 0 0.7874016 82.67717 5.222489e-12 0 82.67717 35.33465 0.7874016 82.67717 0 0.7874016 82.67717 35.33465 0 82.67717</float_array>
                    <technique_common>
                        <accessor count="80" source="#ID82" stride="3">
                            <param name="X" type="float" />
                            <param name="Y" type="float" />
                            <param name="Z" type="float" />
                        </accessor>
                    </technique_common>
                </source>
                <source id="ID79">
                    <float_array id="ID83" count="240">0 0 -1 0 0 -1 0 0 -1 0 0 -1 -0 -0 1 -0 -0 1 -0 -0 1 -0 -0 1 0 0 0 0 0 0 0 0 0 0 0 0 -1 -6.632561e-12 -0 -1 -6.632561e-12 -0 -1 -6.632561e-12 -0 -1 -6.632561e-12 -0 1 6.632561e-12 0 1 6.632561e-12 0 1 6.632561e-12 0 1 6.632561e-12 0 0 0 0 0 0 0 0 1 0 0 1 0 0 1 0 0 1 0 0 1 0 0 1 0 0 1 0 0 1 0 -0 -1 -0 -0 -1 -0 -0 -1 -0 -0 -1 -0 -0 -1 -0 -0 -1 -0 -0 -1 -0 -0 -1 -0 0 0 0 0 0 0 0 0 0 0 0 0 0 0 0 1 0 0 1 0 0 1 0 0 1 0 0 -1 -0 -0 -1 -0 -0 -1 -0 -0 -1 -0 -0 0 0 0 -0 -1 -0 -0 -1 -0 -0 -1 -0 -0 -1 -0 -0 -1 -0 -0 -1 -0 -0 -1 -0 -0 -1 -0 0 1 0 0 1 0 0 1 0 0 1 0 0 1 0 0 1 0 0 1 0 0 1 0 0 0 0 0 0 0 0 0 0 0 0 0 0 0 1 0 0 1 0 0 1 0 0 1 -0 -0 -1 -0 -0 -1 -0 -0 -1 -0 -0 -1</float_array>
                    <technique_common>
                        <accessor count="80" source="#ID83" stride="3">
                            <param name="X" type="float" />
                            <param name="Y" type="float" />
                            <param name="Z" type="float" />
                        </accessor>
                    </technique_common>
                </source>
                <source id="ID80">
                    <Name_array id="ID84" count="0" />
                    <technique_common>
                        <accessor count="0" source="#ID84" stride="1">
                            <param name="skp_material" type="Name" />
                        </accessor>
                    </technique_common>
                </source>
                <vertices id="ID81">
                    <input semantic="POSITION" source="#ID78" />
                    <input semantic="NORMAL" source="#ID79" />
                </vertices>
                <triangles count="24" material="Material2">
                    <input offset="0" semantic="VERTEX" source="#ID81" />
                    <p>0 1 2 3 2 1 12 13 14 15 14 13 22 23 24 23 25 24 26 27 25 24 25 27 23 22 28 28 22 26 22 29 26 27 26 29 43 44 45 46 45 44 52 53 54 53 55 54 56 57 55 54 55 57 53 52 58 58 52 56 52 59 56 57 56 59 72 73 74 75 74 73</p>
                </triangles>
                <triangles count="24" material="Material3">
                    <input offset="0" semantic="VERTEX" source="#ID81" />
                    <p>4 5 6 5 4 7 16 17 18 17 16 19 30 31 32 31 30 33 31 33 34 34 33 35 32 36 37 36 32 31 37 36 35 37 35 33 47 48 49 48 47 50 60 61 62 61 60 63 61 63 64 64 63 65 62 66 67 66 62 61 67 66 65 67 65 63 76 77 78 77 76 79</p>
                </triangles>
                <lines count="20" material="Material4">
                    <input offset="0" semantic="VERTEX" source="#ID81" />
                    <p>8 9 10 8 11 10 9 11 9 20 21 20 8 21 38 21 10 38 39 40 40 41 41 42 42 39 51 38 11 51 20 51 68 69 70 68 71 70 69 71</p>
                </lines>
            </mesh>
        </geometry>
        <geometry id="ID85">
            <mesh>
                <source id="ID86">
                    <float_array id="ID90" count="120">7.874016 0.7874016 74.80315 7.874016 0.7874016 7.874016 7.874016 -0.3937008 74.80315 7.874016 -0.3937008 7.874016 7.874016 0.7874016 7.874016 7.874016 -0.3937008 74.80315 7.874016 -0.3937008 7.874016 7.874016 0.7874016 74.80315 7.874016 -0.3937008 74.80315 7.874016 0.7874016 74.80315 7.874016 -0.3937008 7.874016 7.874016 0.7874016 7.874016 27.46063 -0.3937008 74.80315 27.46063 0.7874016 74.80315 7.874016 -0.3937008 74.80315 7.874016 0.7874016 74.80315 27.46063 0.7874016 74.80315 7.874016 -0.3937008 74.80315 7.874016 0.7874016 74.80315 27.46063 -0.3937008 74.80315 27.46063 -0.3937008 74.80315 27.46063 0.7874016 74.80315 27.46063 0.7874016 7.874016 27.46063 -0.3937008 7.874016 7.874016 0.7874016 7.874016 7.874016 -0.3937008 7.874016 27.46063 -0.3937008 7.874016 7.874016 0.7874016 7.874016 7.874016 -0.3937008 7.874016 27.46063 0.7874016 7.874016 27.46063 -0.3937008 7.874016 27.46063 0.7874016 7.874016 27.46063 0.7874016 7.874016 27.46063 0.7874016 74.80315 27.46063 -0.3937008 7.874016 27.46063 -0.3937008 74.80315 27.46063 0.7874016 74.80315 27.46063 -0.3937008 7.874016 27.46063 -0.3937008 74.80315 27.46063 0.7874016 7.874016</float_array>
                    <technique_common>
                        <accessor count="40" source="#ID90" stride="3">
                            <param name="X" type="float" />
                            <param name="Y" type="float" />
                            <param name="Z" type="float" />
                        </accessor>
                    </technique_common>
                </source>
                <source id="ID87">
                    <float_array id="ID91" count="120">1 0 0 1 0 0 1 0 0 1 0 0 -1 -0 -0 -1 -0 -0 -1 -0 -0 -1 -0 -0 0 0 0 0 0 0 0 0 0 0 0 0 -0 -0 -1 -0 -0 -1 -0 -0 -1 -0 -0 -1 0 0 1 0 0 1 0 0 1 0 0 1 0 0 0 0 0 0 0 0 1 0 0 1 0 0 1 0 0 1 -0 -0 -1 -0 -0 -1 -0 -0 -1 -0 -0 -1 0 0 0 0 0 0 -1 0 0 -1 0 0 -1 0 0 -1 0 0 1 -0 -0 1 -0 -0 1 -0 -0 1 -0 -0</float_array>
                    <technique_common>
                        <accessor count="40" source="#ID91" stride="3">
                            <param name="X" type="float" />
                            <param name="Y" type="float" />
                            <param name="Z" type="float" />
                        </accessor>
                    </technique_common>
                </source>
                <source id="ID88">
                    <Name_array id="ID92" count="0" />
                    <technique_common>
                        <accessor count="0" source="#ID92" stride="1">
                            <param name="skp_material" type="Name" />
                        </accessor>
                    </technique_common>
                </source>
                <vertices id="ID89">
                    <input semantic="POSITION" source="#ID86" />
                    <input semantic="NORMAL" source="#ID87" />
                </vertices>
                <triangles count="8" material="Material2">
                    <input offset="0" semantic="VERTEX" source="#ID89" />
                    <p>0 1 2 3 2 1 12 13 14 15 14 13 22 23 24 25 24 23 32 33 34 35 34 33</p>
                </triangles>
                <triangles count="8" material="Material3">
                    <input offset="0" semantic="VERTEX" source="#ID89" />
                    <p>4 5 6 5 4 7 16 17 18 17 16 19 26 27 28 27 26 29 36 37 38 37 36 39</p>
                </triangles>
                <lines count="12" material="Material4">
                    <input offset="0" semantic="VERTEX" source="#ID89" />
                    <p>8 9 8 10 10 11 9 11 20 21 20 8 21 9 10 30 30 31 11 31 30 20 31 21</p>
                </lines>
            </mesh>
        </geometry>
        <geometry id="ID93">
            <mesh>
                <source id="ID94">
                    <float_array id="ID98" count="180">28.24803 -0.3937008 75.59055 7.874016 -0.3937008 74.80315 7.086614 -0.3937008 75.59055 7.874016 -0.3937008 7.874016 27.46063 -0.3937008 7.874016 7.086614 -0.3937008 7.086614 27.46063 -0.3937008 74.80315 28.24803 -0.3937008 7.086614 28.24803 -0.3937008 7.086614 27.46063 -0.3937008 7.874016 7.086614 -0.3937008 7.086614 28.24803 -0.3937008 75.59055 27.46063 -0.3937008 74.80315 7.874016 -0.3937008 74.80315 7.874016 -0.3937008 7.874016 7.086614 -0.3937008 75.59055 7.086614 -0.3937008 75.59055 7.086614 -0.3937008 7.086614 28.24803 -0.3937008 7.086614 28.24803 -0.3937008 75.59055 7.874016 -0.3937008 74.80315 7.874016 -0.3937008 7.874016 27.46063 -0.3937008 74.80315 27.46063 -0.3937008 7.874016 7.086614 0 7.086614 7.086614 0 75.59055 7.086614 -0.3937008 7.086614 7.086614 -0.3937008 75.59055 7.086614 0 75.59055 7.086614 -0.3937008 7.086614 7.086614 -0.3937008 75.59055 7.086614 0 7.086614 7.086614 0 75.59055 7.086614 0 7.086614 28.24803 -0.3937008 7.086614 28.24803 0 7.086614 7.086614 -0.3937008 7.086614 7.086614 0 7.086614 28.24803 0 7.086614 7.086614 -0.3937008 7.086614 7.086614 0 7.086614 28.24803 -0.3937008 7.086614 28.24803 0 7.086614 28.24803 0 75.59055 28.24803 0 7.086614 28.24803 -0.3937008 75.59055 28.24803 -0.3937008 7.086614 28.24803 0 7.086614 28.24803 -0.3937008 75.59055 28.24803 -0.3937008 7.086614 28.24803 0 75.59055 28.24803 0 75.59055 28.24803 0 75.59055 28.24803 -0.3937008 75.59055 7.086614 0 75.59055 7.086614 -0.3937008 75.59055 28.24803 -0.3937008 75.59055 7.086614 0 75.59055 7.086614 -0.3937008 75.59055 28.24803 0 75.59055</float_array>
                    <technique_common>
                        <accessor count="60" source="#ID98" stride="3">
                            <param name="X" type="float" />
                            <param name="Y" type="float" />
                            <param name="Z" type="float" />
                        </accessor>
                    </technique_common>
                </source>
                <source id="ID95">
                    <float_array id="ID99" count="180">0 -1 0 0 -1 0 0 -1 0 0 -1 0 0 -1 0 0 -1 0 0 -1 0 0 -1 0 -0 1 -0 -0 1 -0 -0 1 -0 -0 1 -0 -0 1 -0 -0 1 -0 -0 1 -0 -0 1 -0 0 0 0 0 0 0 0 0 0 0 0 0 0 0 0 0 0 0 0 0 0 0 0 0 -1 -0 -0 -1 -0 -0 -1 -0 -0 -1 -0 -0 1 0 0 1 0 0 1 0 0 1 0 0 0 0 0 0 0 0 0 0 -1 0 0 -1 0 0 -1 0 0 -1 -0 -0 1 -0 -0 1 -0 -0 1 -0 -0 1 0 0 0 1 0 0 1 0 0 1 0 0 1 0 0 -1 -0 -0 -1 -0 -0 -1 -0 -0 -1 -0 -0 0 0 0 0 0 1 0 0 1 0 0 1 0 0 1 -0 -0 -1 -0 -0 -1 -0 -0 -1 -0 -0 -1</float_array>
                    <technique_common>
                        <accessor count="60" source="#ID99" stride="3">
                            <param name="X" type="float" />
                            <param name="Y" type="float" />
                            <param name="Z" type="float" />
                        </accessor>
                    </technique_common>
                </source>
                <source id="ID96">
                    <Name_array id="ID100" count="0" />
                    <technique_common>
                        <accessor count="0" source="#ID100" stride="1">
                            <param name="skp_material" type="Name" />
                        </accessor>
                    </technique_common>
                </source>
                <vertices id="ID97">
                    <input semantic="POSITION" source="#ID94" />
                    <input semantic="NORMAL" source="#ID95" />
                </vertices>
                <triangles count="16" material="Material2">
                    <input offset="0" semantic="VERTEX" source="#ID97" />
                    <p>0 1 2 1 3 2 4 5 3 2 3 5 1 0 6 6 0 4 0 7 4 5 4 7 24 25 26 27 26 25 34 35 36 37 36 35 43 44 45 46 45 44 52 53 54 55 54 53</p>
                </triangles>
                <triangles count="16" material="Material3">
                    <input offset="0" semantic="VERTEX" source="#ID97" />
                    <p>8 9 10 9 8 11 9 11 12 12 11 13 10 14 15 14 10 9 15 14 13 15 13 11 28 29 30 29 28 31 38 39 40 39 38 41 47 48 49 48 47 50 56 57 58 57 56 59</p>
                </triangles>
                <lines count="16" material="Material4">
                    <input offset="0" semantic="VERTEX" source="#ID97" />
                    <p>16 17 17 18 18 19 19 16 20 21 22 20 23 22 21 23 32 33 33 17 32 16 33 42 42 18 42 51 51 19 51 32</p>
                </lines>
            </mesh>
        </geometry>
        <geometry id="ID102">
            <mesh>
                <source id="ID105">
                    <float_array id="ID111" count="168">0 0 66.92913 19.58661 0 66.92913 0 0 0 19.58661 0 0 19.58661 0 66.92913 0 0 0 19.58661 0 0 0 0 66.92913 0 0 0 19.58661 0 0 19.58661 0 66.92913 0 0 66.92913 19.58661 0 0 19.58661 0.7874016 0 0 0 0 0 0.7874016 0 19.58661 0.7874016 0 0 0 0 0 0.7874016 0 19.58661 0 0 0 0.7874016 0 19.58661 0.7874016 0 19.58661 0.7874016 66.92913 19.58661 0.7874016 0 19.58661 0 66.92913 19.58661 0 0 19.58661 0.7874016 0 19.58661 0 66.92913 19.58661 0 0 19.58661 0.7874016 66.92913 19.58661 0.7874016 66.92913 19.58661 0.7874016 66.92913 19.58661 0 66.92913 0 0.7874016 66.92913 0 0 66.92913 19.58661 0 66.92913 0 0.7874016 66.92913 0 0 66.92913 19.58661 0.7874016 66.92913 0 0.7874016 66.92913 0 0.7874016 0 0 0.7874016 66.92913 0 0 0 0 0 66.92913 0 0.7874016 66.92913 0 0 0 0 0 66.92913 0 0.7874016 0 19.58661 0.7874016 66.92913 0 0.7874016 66.92913 19.58661 0.7874016 0 0 0.7874016 0 0 0.7874016 66.92913 19.58661 0.7874016 0 0 0.7874016 0 19.58661 0.7874016 66.92913</float_array>
                    <technique_common>
                        <accessor count="56" source="#ID111" stride="3">
                            <param name="X" type="float" />
                            <param name="Y" type="float" />
                            <param name="Z" type="float" />
                        </accessor>
                    </technique_common>
                </source>
                <source id="ID106">
                    <float_array id="ID112" count="168">0 -1 0 0 -1 0 0 -1 0 0 -1 0 -0 1 -0 -0 1 -0 -0 1 -0 -0 1 -0 0 0 0 0 0 0 0 0 0 0 0 0 0 0 -1 0 0 -1 0 0 -1 0 0 -1 -0 -0 1 -0 -0 1 -0 -0 1 -0 -0 1 0 0 0 0 0 0 1 0 0 1 0 0 1 0 0 1 0 0 -1 -0 -0 -1 -0 -0 -1 -0 -0 -1 -0 -0 0 0 0 0 0 1 0 0 1 0 0 1 0 0 1 -0 -0 -1 -0 -0 -1 -0 -0 -1 -0 -0 -1 0 0 0 -1 -0 -0 -1 -0 -0 -1 -0 -0 -1 -0 -0 1 0 0 1 0 0 1 0 0 1 0 0 0 1 0 0 1 0 0 1 0 0 1 0 -0 -1 -0 -0 -1 -0 -0 -1 -0 -0 -1 -0</float_array>
                    <technique_common>
                        <accessor count="56" source="#ID112" stride="3">
                            <param name="X" type="float" />
                            <param name="Y" type="float" />
                            <param name="Z" type="float" />
                        </accessor>
                    </technique_common>
                </source>
                <source id="ID107">
                    <Name_array id="ID113" count="0" />
                    <technique_common>
                        <accessor count="0" source="#ID113" stride="1">
                            <param name="skp_material" type="Name" />
                        </accessor>
                    </technique_common>
                </source>
                <vertices id="ID108">
                    <input semantic="POSITION" source="#ID105" />
                    <input semantic="NORMAL" source="#ID106" />
                </vertices>
                <triangles count="24" material="Material2">
                    <input offset="0" semantic="VERTEX" source="#ID108" />
                    <p>0 1 2 3 2 1 4 5 6 5 4 7 12 13 14 15 14 13 16 17 18 17 16 19 22 23 24 25 24 23 26 27 28 27 26 29 31 32 33 34 33 32 35 36 37 36 35 38 40 41 42 43 42 41 44 45 46 45 44 47 48 49 50 51 50 49 52 53 54 53 52 55</p>
                </triangles>
                <lines count="12" material="Material3">
                    <input offset="0" semantic="VERTEX" source="#ID108" />
                    <p>8 9 9 10 10 11 11 8 8 20 20 21 9 21 21 30 10 30 30 39 11 39 39 20</p>
                </lines>
            </mesh>
        </geometry>
        <geometry id="ID116">
            <mesh>
                <source id="ID117">
                    <float_array id="ID121" count="240">35.33465 0.7874016 0 5.222489e-12 0 0 0 0.7874016 0 35.33465 0 0 35.33465 0 0 35.33465 0.7874016 0 5.222489e-12 0 0 0 0.7874016 0 0 0.7874016 0 5.222489e-12 0 0 35.33465 0.7874016 0 35.33465 0 0 0 0.7874016 82.67717 5.222489e-12 0 0 5.222489e-12 0 82.67717 0 0.7874016 0 0 0.7874016 0 0 0.7874016 82.67717 5.222489e-12 0 0 5.222489e-12 0 82.67717 5.222489e-12 0 82.67717 0 0.7874016 82.67717 0 0.7874016 0 7.874016 0.7874016 7.874016 35.33465 0.7874016 0 0 0.7874016 82.67717 7.874016 0.7874016 74.80315 27.46063 0.7874016 74.80315 27.46063 0.7874016 7.874016 35.33465 0.7874016 82.67717 0 0.7874016 82.67717 27.46063 0.7874016 74.80315 35.33465 0.7874016 82.67717 27.46063 0.7874016 7.874016 7.874016 0.7874016 7.874016 35.33465 0.7874016 0 7.874016 0.7874016 74.80315 0 0.7874016 0 35.33465 0.7874016 82.67717 7.874016 0.7874016 74.80315 7.874016 0.7874016 7.874016 27.46063 0.7874016 7.874016 27.46063 0.7874016 74.80315 35.33465 0.7874016 0 35.33465 0 82.67717 35.33465 0 0 35.33465 0.7874016 82.67717 35.33465 0.7874016 82.67717 35.33465 0.7874016 0 35.33465 0 82.67717 35.33465 0 0 35.33465 0 82.67717 35.33465 0 0 28.24803 0 7.086614 5.222489e-12 0 0 35.33465 0 82.67717 28.24803 0 75.59055 7.086614 0 75.59055 7.086614 0 7.086614 5.222489e-12 0 82.67717 35.33465 0 82.67717 7.086614 0 75.59055 5.222489e-12 0 82.67717 7.086614 0 7.086614 28.24803 0 7.086614 5.222489e-12 0 0 28.24803 0 75.59055 35.33465 0 0 7.086614 0 75.59055 7.086614 0 7.086614 28.24803 0 75.59055 28.24803 0 7.086614 5.222489e-12 0 82.67717 35.33465 0.7874016 82.67717 0 0.7874016 82.67717 35.33465 0 82.67717 35.33465 0 82.67717 5.222489e-12 0 82.67717 35.33465 0.7874016 82.67717 0 0.7874016 82.67717</float_array>
                    <technique_common>
                        <accessor count="80" source="#ID121" stride="3">
                            <param name="X" type="float" />
                            <param name="Y" type="float" />
                            <param name="Z" type="float" />
                        </accessor>
                    </technique_common>
                </source>
                <source id="ID118">
                    <float_array id="ID122" count="240">0 0 -1 0 0 -1 0 0 -1 0 0 -1 -0 -0 1 -0 -0 1 -0 -0 1 -0 -0 1 0 0 0 0 0 0 0 0 0 0 0 0 -1 -6.632561e-12 -0 -1 -6.632561e-12 -0 -1 -6.632561e-12 -0 -1 -6.632561e-12 -0 1 6.632561e-12 0 1 6.632561e-12 0 1 6.632561e-12 0 1 6.632561e-12 0 0 0 0 0 0 0 0 1 0 0 1 0 0 1 0 0 1 0 0 1 0 0 1 0 0 1 0 0 1 0 -0 -1 -0 -0 -1 -0 -0 -1 -0 -0 -1 -0 -0 -1 -0 -0 -1 -0 -0 -1 -0 -0 -1 -0 0 0 0 0 0 0 0 0 0 0 0 0 0 0 0 1 0 0 1 0 0 1 0 0 1 0 0 -1 -0 -0 -1 -0 -0 -1 -0 -0 -1 -0 -0 0 0 0 -0 -1 -0 -0 -1 -0 -0 -1 -0 -0 -1 -0 -0 -1 -0 -0 -1 -0 -0 -1 -0 -0 -1 -0 0 1 0 0 1 0 0 1 0 0 1 0 0 1 0 0 1 0 0 1 0 0 1 0 0 0 0 0 0 0 0 0 0 0 0 0 0 0 1 0 0 1 0 0 1 0 0 1 -0 -0 -1 -0 -0 -1 -0 -0 -1 -0 -0 -1</float_array>
                    <technique_common>
                        <accessor count="80" source="#ID122" stride="3">
                            <param name="X" type="float" />
                            <param name="Y" type="float" />
                            <param name="Z" type="float" />
                        </accessor>
                    </technique_common>
                </source>
                <source id="ID119">
                    <Name_array id="ID123" count="0" />
                    <technique_common>
                        <accessor count="0" source="#ID123" stride="1">
                            <param name="skp_material" type="Name" />
                        </accessor>
                    </technique_common>
                </source>
                <vertices id="ID120">
                    <input semantic="POSITION" source="#ID117" />
                    <input semantic="NORMAL" source="#ID118" />
                </vertices>
                <triangles count="24" material="Material2">
                    <input offset="0" semantic="VERTEX" source="#ID120" />
                    <p>0 1 2 1 0 3 12 13 14 13 12 15 22 23 24 23 22 25 23 25 26 26 25 27 24 28 29 28 24 23 29 28 27 29 27 25 43 44 45 44 43 46 52 53 54 53 52 55 53 55 56 56 55 57 54 58 59 58 54 53 59 58 57 59 57 55 72 73 74 73 72 75</p>
                </triangles>
                <triangles count="24" material="Material3">
                    <input offset="0" semantic="VERTEX" source="#ID120" />
                    <p>4 5 6 7 6 5 16 17 18 19 18 17 30 31 32 31 33 32 34 35 33 32 33 35 31 30 36 36 30 34 30 37 34 35 34 37 47 48 49 50 49 48 60 61 62 61 63 62 64 65 63 62 63 65 61 60 66 66 60 64 60 67 64 65 64 67 76 77 78 79 78 77</p>
                </triangles>
                <lines count="20" material="Material4">
                    <input offset="0" semantic="VERTEX" source="#ID120" />
                    <p>8 9 10 8 11 10 9 11 9 20 21 20 8 21 38 21 10 38 39 40 40 41 41 42 42 39 51 38 11 51 20 51 68 69 70 68 71 70 69 71</p>
                </lines>
            </mesh>
        </geometry>
        <geometry id="ID124">
            <mesh>
                <source id="ID125">
                    <float_array id="ID129" count="120">7.874016 0.7874016 7.874016 7.874016 -0.3937008 74.80315 7.874016 -0.3937008 7.874016 7.874016 0.7874016 74.80315 7.874016 0.7874016 74.80315 7.874016 0.7874016 7.874016 7.874016 -0.3937008 74.80315 7.874016 -0.3937008 7.874016 7.874016 -0.3937008 74.80315 7.874016 0.7874016 74.80315 7.874016 -0.3937008 7.874016 7.874016 0.7874016 7.874016 27.46063 0.7874016 74.80315 7.874016 -0.3937008 74.80315 7.874016 0.7874016 74.80315 27.46063 -0.3937008 74.80315 27.46063 -0.3937008 74.80315 27.46063 0.7874016 74.80315 7.874016 -0.3937008 74.80315 7.874016 0.7874016 74.80315 27.46063 -0.3937008 74.80315 27.46063 0.7874016 74.80315 27.46063 -0.3937008 7.874016 7.874016 0.7874016 7.874016 7.874016 -0.3937008 7.874016 27.46063 0.7874016 7.874016 27.46063 0.7874016 7.874016 27.46063 -0.3937008 7.874016 7.874016 0.7874016 7.874016 7.874016 -0.3937008 7.874016 27.46063 -0.3937008 7.874016 27.46063 0.7874016 7.874016 27.46063 0.7874016 74.80315 27.46063 -0.3937008 7.874016 27.46063 -0.3937008 74.80315 27.46063 0.7874016 7.874016 27.46063 0.7874016 7.874016 27.46063 0.7874016 74.80315 27.46063 -0.3937008 7.874016 27.46063 -0.3937008 74.80315</float_array>
                    <technique_common>
                        <accessor count="40" source="#ID129" stride="3">
                            <param name="X" type="float" />
                            <param name="Y" type="float" />
                            <param name="Z" type="float" />
                        </accessor>
                    </technique_common>
                </source>
                <source id="ID126">
                    <float_array id="ID130" count="120">1 0 0 1 0 0 1 0 0 1 0 0 -1 -0 -0 -1 -0 -0 -1 -0 -0 -1 -0 -0 0 0 0 0 0 0 0 0 0 0 0 0 -0 -0 -1 -0 -0 -1 -0 -0 -1 -0 -0 -1 0 0 1 0 0 1 0 0 1 0 0 1 0 0 0 0 0 0 0 0 1 0 0 1 0 0 1 0 0 1 -0 -0 -1 -0 -0 -1 -0 -0 -1 -0 -0 -1 0 0 0 0 0 0 -1 0 0 -1 0 0 -1 0 0 -1 0 0 1 -0 -0 1 -0 -0 1 -0 -0 1 -0 -0</float_array>
                    <technique_common>
                        <accessor count="40" source="#ID130" stride="3">
                            <param name="X" type="float" />
                            <param name="Y" type="float" />
                            <param name="Z" type="float" />
                        </accessor>
                    </technique_common>
                </source>
                <source id="ID127">
                    <Name_array id="ID131" count="0" />
                    <technique_common>
                        <accessor count="0" source="#ID131" stride="1">
                            <param name="skp_material" type="Name" />
                        </accessor>
                    </technique_common>
                </source>
                <vertices id="ID128">
                    <input semantic="POSITION" source="#ID125" />
                    <input semantic="NORMAL" source="#ID126" />
                </vertices>
                <triangles count="8" material="Material2">
                    <input offset="0" semantic="VERTEX" source="#ID128" />
                    <p>0 1 2 1 0 3 12 13 14 13 12 15 22 23 24 23 22 25 32 33 34 33 32 35</p>
                </triangles>
                <triangles count="8" material="Material3">
                    <input offset="0" semantic="VERTEX" source="#ID128" />
                    <p>4 5 6 7 6 5 16 17 18 19 18 17 26 27 28 29 28 27 36 37 38 39 38 37</p>
                </triangles>
                <lines count="12" material="Material4">
                    <input offset="0" semantic="VERTEX" source="#ID128" />
                    <p>8 9 8 10 10 11 9 11 20 21 20 8 21 9 10 30 30 31 11 31 30 20 31 21</p>
                </lines>
            </mesh>
        </geometry>
        <geometry id="ID132">
            <mesh>
                <source id="ID133">
                    <float_array id="ID137" count="180">28.24803 -0.3937008 7.086614 27.46063 -0.3937008 7.874016 7.086614 -0.3937008 7.086614 28.24803 -0.3937008 75.59055 27.46063 -0.3937008 74.80315 7.874016 -0.3937008 74.80315 7.874016 -0.3937008 7.874016 7.086614 -0.3937008 75.59055 28.24803 -0.3937008 75.59055 7.874016 -0.3937008 74.80315 7.086614 -0.3937008 75.59055 7.874016 -0.3937008 7.874016 27.46063 -0.3937008 7.874016 7.086614 -0.3937008 7.086614 27.46063 -0.3937008 74.80315 28.24803 -0.3937008 7.086614 7.086614 -0.3937008 75.59055 7.086614 -0.3937008 7.086614 28.24803 -0.3937008 7.086614 28.24803 -0.3937008 75.59055 7.874016 -0.3937008 74.80315 7.874016 -0.3937008 7.874016 27.46063 -0.3937008 74.80315 27.46063 -0.3937008 7.874016 7.086614 0 75.59055 7.086614 -0.3937008 7.086614 7.086614 -0.3937008 75.59055 7.086614 0 7.086614 7.086614 0 7.086614 7.086614 0 75.59055 7.086614 -0.3937008 7.086614 7.086614 -0.3937008 75.59055 7.086614 0 75.59055 7.086614 0 7.086614 28.24803 0 7.086614 7.086614 -0.3937008 7.086614 7.086614 0 7.086614 28.24803 -0.3937008 7.086614 28.24803 -0.3937008 7.086614 28.24803 0 7.086614 7.086614 -0.3937008 7.086614 7.086614 0 7.086614 28.24803 0 7.086614 28.24803 0 7.086614 28.24803 -0.3937008 75.59055 28.24803 -0.3937008 7.086614 28.24803 0 75.59055 28.24803 0 75.59055 28.24803 0 7.086614 28.24803 -0.3937008 75.59055 28.24803 -0.3937008 7.086614 28.24803 0 75.59055 28.24803 -0.3937008 75.59055 7.086614 0 75.59055 7.086614 -0.3937008 75.59055 28.24803 0 75.59055 28.24803 0 75.59055 28.24803 -0.3937008 75.59055 7.086614 0 75.59055 7.086614 -0.3937008 75.59055</float_array>
                    <technique_common>
                        <accessor count="60" source="#ID137" stride="3">
                            <param name="X" type="float" />
                            <param name="Y" type="float" />
                            <param name="Z" type="float" />
                        </accessor>
                    </technique_common>
                </source>
                <source id="ID134">
                    <float_array id="ID138" count="180">0 -1 0 0 -1 0 0 -1 0 0 -1 0 0 -1 0 0 -1 0 0 -1 0 0 -1 0 -0 1 -0 -0 1 -0 -0 1 -0 -0 1 -0 -0 1 -0 -0 1 -0 -0 1 -0 -0 1 -0 0 0 0 0 0 0 0 0 0 0 0 0 0 0 0 0 0 0 0 0 0 0 0 0 -1 -0 -0 -1 -0 -0 -1 -0 -0 -1 -0 -0 1 0 0 1 0 0 1 0 0 1 0 0 0 0 0 0 0 0 0 0 -1 0 0 -1 0 0 -1 0 0 -1 -0 -0 1 -0 -0 1 -0 -0 1 -0 -0 1 0 0 0 1 0 0 1 0 0 1 0 0 1 0 0 -1 -0 -0 -1 -0 -0 -1 -0 -0 -1 -0 -0 0 0 0 0 0 1 0 0 1 0 0 1 0 0 1 -0 -0 -1 -0 -0 -1 -0 -0 -1 -0 -0 -1</float_array>
                    <technique_common>
                        <accessor count="60" source="#ID138" stride="3">
                            <param name="X" type="float" />
                            <param name="Y" type="float" />
                            <param name="Z" type="float" />
                        </accessor>
                    </technique_common>
                </source>
                <source id="ID135">
                    <Name_array id="ID139" count="0" />
                    <technique_common>
                        <accessor count="0" source="#ID139" stride="1">
                            <param name="skp_material" type="Name" />
                        </accessor>
                    </technique_common>
                </source>
                <vertices id="ID136">
                    <input semantic="POSITION" source="#ID133" />
                    <input semantic="NORMAL" source="#ID134" />
                </vertices>
                <triangles count="16" material="Material2">
                    <input offset="0" semantic="VERTEX" source="#ID136" />
                    <p>0 1 2 1 0 3 1 3 4 4 3 5 2 6 7 6 2 1 7 6 5 7 5 3 24 25 26 25 24 27 34 35 36 35 34 37 43 44 45 44 43 46 52 53 54 53 52 55</p>
                </triangles>
                <triangles count="16" material="Material3">
                    <input offset="0" semantic="VERTEX" source="#ID136" />
                    <p>8 9 10 9 11 10 12 13 11 10 11 13 9 8 14 14 8 12 8 15 12 13 12 15 28 29 30 31 30 29 38 39 40 41 40 39 47 48 49 50 49 48 56 57 58 59 58 57</p>
                </triangles>
                <lines count="16" material="Material4">
                    <input offset="0" semantic="VERTEX" source="#ID136" />
                    <p>16 17 17 18 18 19 19 16 20 21 22 20 23 22 21 23 32 33 33 17 32 16 33 42 42 18 42 51 51 19 51 32</p>
                </lines>
            </mesh>
        </geometry>
        <geometry id="ID141">
            <mesh>
                <source id="ID142">
                    <float_array id="ID146" count="168">19.58661 0 66.92913 0 0 0 19.58661 0 0 0 0 66.92913 0 0 66.92913 19.58661 0 66.92913 0 0 0 19.58661 0 0 0 0 0 19.58661 0 0 19.58661 0 66.92913 0 0 66.92913 19.58661 0.7874016 0 0 0 0 0 0.7874016 0 19.58661 0 0 19.58661 0 0 19.58661 0.7874016 0 0 0 0 0 0.7874016 0 0 0.7874016 0 19.58661 0.7874016 0 19.58661 0.7874016 0 19.58661 0 66.92913 19.58661 0 0 19.58661 0.7874016 66.92913 19.58661 0.7874016 66.92913 19.58661 0.7874016 0 19.58661 0 66.92913 19.58661 0 0 19.58661 0.7874016 66.92913 19.58661 0 66.92913 0 0.7874016 66.92913 0 0 66.92913 19.58661 0.7874016 66.92913 19.58661 0.7874016 66.92913 19.58661 0 66.92913 0 0.7874016 66.92913 0 0 66.92913 0 0.7874016 66.92913 0 0.7874016 66.92913 0 0 0 0 0 66.92913 0 0.7874016 0 0 0.7874016 0 0 0.7874016 66.92913 0 0 0 0 0 66.92913 0 0.7874016 66.92913 19.58661 0.7874016 0 0 0.7874016 0 19.58661 0.7874016 66.92913 19.58661 0.7874016 66.92913 0 0.7874016 66.92913 19.58661 0.7874016 0 0 0.7874016 0</float_array>
                    <technique_common>
                        <accessor count="56" source="#ID146" stride="3">
                            <param name="X" type="float" />
                            <param name="Y" type="float" />
                            <param name="Z" type="float" />
                        </accessor>
                    </technique_common>
                </source>
                <source id="ID143">
                    <float_array id="ID147" count="168">0 -1 0 0 -1 0 0 -1 0 0 -1 0 -0 1 -0 -0 1 -0 -0 1 -0 -0 1 -0 0 0 0 0 0 0 0 0 0 0 0 0 0 0 -1 0 0 -1 0 0 -1 0 0 -1 -0 -0 1 -0 -0 1 -0 -0 1 -0 -0 1 0 0 0 0 0 0 1 0 0 1 0 0 1 0 0 1 0 0 -1 -0 -0 -1 -0 -0 -1 -0 -0 -1 -0 -0 0 0 0 0 0 1 0 0 1 0 0 1 0 0 1 -0 -0 -1 -0 -0 -1 -0 -0 -1 -0 -0 -1 0 0 0 -1 -0 -0 -1 -0 -0 -1 -0 -0 -1 -0 -0 1 0 0 1 0 0 1 0 0 1 0 0 0 1 0 0 1 0 0 1 0 0 1 0 -0 -1 -0 -0 -1 -0 -0 -1 -0 -0 -1 -0</float_array>
                    <technique_common>
                        <accessor count="56" source="#ID147" stride="3">
                            <param name="X" type="float" />
                            <param name="Y" type="float" />
                            <param name="Z" type="float" />
                        </accessor>
                    </technique_common>
                </source>
                <source id="ID144">
                    <Name_array id="ID148" count="0" />
                    <technique_common>
                        <accessor count="0" source="#ID148" stride="1">
                            <param name="skp_material" type="Name" />
                        </accessor>
                    </technique_common>
                </source>
                <vertices id="ID145">
                    <input semantic="POSITION" source="#ID142" />
                    <input semantic="NORMAL" source="#ID143" />
                </vertices>
                <triangles count="24" material="Material2">
                    <input offset="0" semantic="VERTEX" source="#ID145" />
                    <p>0 1 2 1 0 3 4 5 6 7 6 5 12 13 14 13 12 15 16 17 18 19 18 17 22 23 24 23 22 25 26 27 28 29 28 27 31 32 33 32 31 34 35 36 37 38 37 36 40 41 42 41 40 43 44 45 46 47 46 45 48 49 50 49 48 51 52 53 54 55 54 53</p>
                </triangles>
                <lines count="12" material="Material3">
                    <input offset="0" semantic="VERTEX" source="#ID145" />
                    <p>8 9 9 10 10 11 11 8 8 20 20 21 9 21 21 30 10 30 30 39 11 39 39 20</p>
                </lines>
            </mesh>
        </geometry>
        <geometry id="ID151">
            <mesh>
                <source id="ID152">
                    <float_array id="ID156" count="240">35.33465 0.7874016 0 5.222489e-12 0 0 0 0.7874016 0 35.33465 0 0 35.33465 0 0 35.33465 0.7874016 0 5.222489e-12 0 0 0 0.7874016 0 0 0.7874016 0 5.222489e-12 0 0 35.33465 0.7874016 0 35.33465 0 0 0 0.7874016 82.67717 5.222489e-12 0 0 5.222489e-12 0 82.67717 0 0.7874016 0 0 0.7874016 0 0 0.7874016 82.67717 5.222489e-12 0 0 5.222489e-12 0 82.67717 5.222489e-12 0 82.67717 0 0.7874016 82.67717 0 0.7874016 0 7.874016 0.7874016 7.874016 35.33465 0.7874016 0 0 0.7874016 82.67717 7.874016 0.7874016 74.80315 27.46063 0.7874016 74.80315 27.46063 0.7874016 7.874016 35.33465 0.7874016 82.67717 0 0.7874016 82.67717 27.46063 0.7874016 74.80315 35.33465 0.7874016 82.67717 27.46063 0.7874016 7.874016 7.874016 0.7874016 7.874016 35.33465 0.7874016 0 7.874016 0.7874016 74.80315 0 0.7874016 0 35.33465 0.7874016 82.67717 7.874016 0.7874016 74.80315 7.874016 0.7874016 7.874016 27.46063 0.7874016 7.874016 27.46063 0.7874016 74.80315 35.33465 0.7874016 0 35.33465 0 82.67717 35.33465 0 0 35.33465 0.7874016 82.67717 35.33465 0.7874016 82.67717 35.33465 0.7874016 0 35.33465 0 82.67717 35.33465 0 0 35.33465 0 82.67717 35.33465 0 0 28.24803 0 7.086614 5.222489e-12 0 0 35.33465 0 82.67717 28.24803 0 75.59055 7.086614 0 75.59055 7.086614 0 7.086614 5.222489e-12 0 82.67717 35.33465 0 82.67717 7.086614 0 75.59055 5.222489e-12 0 82.67717 7.086614 0 7.086614 28.24803 0 7.086614 5.222489e-12 0 0 28.24803 0 75.59055 35.33465 0 0 7.086614 0 75.59055 7.086614 0 7.086614 28.24803 0 75.59055 28.24803 0 7.086614 5.222489e-12 0 82.67717 35.33465 0.7874016 82.67717 0 0.7874016 82.67717 35.33465 0 82.67717 35.33465 0 82.67717 5.222489e-12 0 82.67717 35.33465 0.7874016 82.67717 0 0.7874016 82.67717</float_array>
                    <technique_common>
                        <accessor count="80" source="#ID156" stride="3">
                            <param name="X" type="float" />
                            <param name="Y" type="float" />
                            <param name="Z" type="float" />
                        </accessor>
                    </technique_common>
                </source>
                <source id="ID153">
                    <float_array id="ID157" count="240">0 0 -1 0 0 -1 0 0 -1 0 0 -1 -0 -0 1 -0 -0 1 -0 -0 1 -0 -0 1 0 0 0 0 0 0 0 0 0 0 0 0 -1 -6.632561e-12 -0 -1 -6.632561e-12 -0 -1 -6.632561e-12 -0 -1 -6.632561e-12 -0 1 6.632561e-12 0 1 6.632561e-12 0 1 6.632561e-12 0 1 6.632561e-12 0 0 0 0 0 0 0 0 1 0 0 1 0 0 1 0 0 1 0 0 1 0 0 1 0 0 1 0 0 1 0 -0 -1 -0 -0 -1 -0 -0 -1 -0 -0 -1 -0 -0 -1 -0 -0 -1 -0 -0 -1 -0 -0 -1 -0 0 0 0 0 0 0 0 0 0 0 0 0 0 0 0 1 0 0 1 0 0 1 0 0 1 0 0 -1 -0 -0 -1 -0 -0 -1 -0 -0 -1 -0 -0 0 0 0 -0 -1 -0 -0 -1 -0 -0 -1 -0 -0 -1 -0 -0 -1 -0 -0 -1 -0 -0 -1 -0 -0 -1 -0 0 1 0 0 1 0 0 1 0 0 1 0 0 1 0 0 1 0 0 1 0 0 1 0 0 0 0 0 0 0 0 0 0 0 0 0 0 0 1 0 0 1 0 0 1 0 0 1 -0 -0 -1 -0 -0 -1 -0 -0 -1 -0 -0 -1</float_array>
                    <technique_common>
                        <accessor count="80" source="#ID157" stride="3">
                            <param name="X" type="float" />
                            <param name="Y" type="float" />
                            <param name="Z" type="float" />
                        </accessor>
                    </technique_common>
                </source>
                <source id="ID154">
                    <Name_array id="ID158" count="0" />
                    <technique_common>
                        <accessor count="0" source="#ID158" stride="1">
                            <param name="skp_material" type="Name" />
                        </accessor>
                    </technique_common>
                </source>
                <vertices id="ID155">
                    <input semantic="POSITION" source="#ID152" />
                    <input semantic="NORMAL" source="#ID153" />
                </vertices>
                <triangles count="24" material="Material2">
                    <input offset="0" semantic="VERTEX" source="#ID155" />
                    <p>0 1 2 1 0 3 12 13 14 13 12 15 22 23 24 23 22 25 23 25 26 26 25 27 24 28 29 28 24 23 29 28 27 29 27 25 43 44 45 44 43 46 52 53 54 53 52 55 53 55 56 56 55 57 54 58 59 58 54 53 59 58 57 59 57 55 72 73 74 73 72 75</p>
                </triangles>
                <triangles count="24" material="Material3">
                    <input offset="0" semantic="VERTEX" source="#ID155" />
                    <p>4 5 6 7 6 5 16 17 18 19 18 17 30 31 32 31 33 32 34 35 33 32 33 35 31 30 36 36 30 34 30 37 34 35 34 37 47 48 49 50 49 48 60 61 62 61 63 62 64 65 63 62 63 65 61 60 66 66 60 64 60 67 64 65 64 67 76 77 78 79 78 77</p>
                </triangles>
                <lines count="20" material="Material4">
                    <input offset="0" semantic="VERTEX" source="#ID155" />
                    <p>8 9 10 8 11 10 9 11 9 20 21 20 8 21 38 21 10 38 39 40 40 41 41 42 42 39 51 38 11 51 20 51 68 69 70 68 71 70 69 71</p>
                </lines>
            </mesh>
        </geometry>
        <geometry id="ID159">
            <mesh>
                <source id="ID160">
                    <float_array id="ID164" count="120">7.874016 0.7874016 7.874016 7.874016 -0.3937008 74.80315 7.874016 -0.3937008 7.874016 7.874016 0.7874016 74.80315 7.874016 0.7874016 74.80315 7.874016 0.7874016 7.874016 7.874016 -0.3937008 74.80315 7.874016 -0.3937008 7.874016 7.874016 -0.3937008 74.80315 7.874016 0.7874016 74.80315 7.874016 -0.3937008 7.874016 7.874016 0.7874016 7.874016 27.46063 0.7874016 74.80315 7.874016 -0.3937008 74.80315 7.874016 0.7874016 74.80315 27.46063 -0.3937008 74.80315 27.46063 -0.3937008 74.80315 27.46063 0.7874016 74.80315 7.874016 -0.3937008 74.80315 7.874016 0.7874016 74.80315 27.46063 -0.3937008 74.80315 27.46063 0.7874016 74.80315 27.46063 -0.3937008 7.874016 7.874016 0.7874016 7.874016 7.874016 -0.3937008 7.874016 27.46063 0.7874016 7.874016 27.46063 0.7874016 7.874016 27.46063 -0.3937008 7.874016 7.874016 0.7874016 7.874016 7.874016 -0.3937008 7.874016 27.46063 -0.3937008 7.874016 27.46063 0.7874016 7.874016 27.46063 0.7874016 74.80315 27.46063 -0.3937008 7.874016 27.46063 -0.3937008 74.80315 27.46063 0.7874016 7.874016 27.46063 0.7874016 7.874016 27.46063 0.7874016 74.80315 27.46063 -0.3937008 7.874016 27.46063 -0.3937008 74.80315</float_array>
                    <technique_common>
                        <accessor count="40" source="#ID164" stride="3">
                            <param name="X" type="float" />
                            <param name="Y" type="float" />
                            <param name="Z" type="float" />
                        </accessor>
                    </technique_common>
                </source>
                <source id="ID161">
                    <float_array id="ID165" count="120">1 0 0 1 0 0 1 0 0 1 0 0 -1 -0 -0 -1 -0 -0 -1 -0 -0 -1 -0 -0 0 0 0 0 0 0 0 0 0 0 0 0 -0 -0 -1 -0 -0 -1 -0 -0 -1 -0 -0 -1 0 0 1 0 0 1 0 0 1 0 0 1 0 0 0 0 0 0 0 0 1 0 0 1 0 0 1 0 0 1 -0 -0 -1 -0 -0 -1 -0 -0 -1 -0 -0 -1 0 0 0 0 0 0 -1 0 0 -1 0 0 -1 0 0 -1 0 0 1 -0 -0 1 -0 -0 1 -0 -0 1 -0 -0</float_array>
                    <technique_common>
                        <accessor count="40" source="#ID165" stride="3">
                            <param name="X" type="float" />
                            <param name="Y" type="float" />
                            <param name="Z" type="float" />
                        </accessor>
                    </technique_common>
                </source>
                <source id="ID162">
                    <Name_array id="ID166" count="0" />
                    <technique_common>
                        <accessor count="0" source="#ID166" stride="1">
                            <param name="skp_material" type="Name" />
                        </accessor>
                    </technique_common>
                </source>
                <vertices id="ID163">
                    <input semantic="POSITION" source="#ID160" />
                    <input semantic="NORMAL" source="#ID161" />
                </vertices>
                <triangles count="8" material="Material2">
                    <input offset="0" semantic="VERTEX" source="#ID163" />
                    <p>0 1 2 1 0 3 12 13 14 13 12 15 22 23 24 23 22 25 32 33 34 33 32 35</p>
                </triangles>
                <triangles count="8" material="Material3">
                    <input offset="0" semantic="VERTEX" source="#ID163" />
                    <p>4 5 6 7 6 5 16 17 18 19 18 17 26 27 28 29 28 27 36 37 38 39 38 37</p>
                </triangles>
                <lines count="12" material="Material4">
                    <input offset="0" semantic="VERTEX" source="#ID163" />
                    <p>8 9 8 10 10 11 9 11 20 21 20 8 21 9 10 30 30 31 11 31 30 20 31 21</p>
                </lines>
            </mesh>
        </geometry>
        <geometry id="ID167">
            <mesh>
                <source id="ID168">
                    <float_array id="ID172" count="180">28.24803 -0.3937008 7.086614 27.46063 -0.3937008 7.874016 7.086614 -0.3937008 7.086614 28.24803 -0.3937008 75.59055 27.46063 -0.3937008 74.80315 7.874016 -0.3937008 74.80315 7.874016 -0.3937008 7.874016 7.086614 -0.3937008 75.59055 28.24803 -0.3937008 75.59055 7.874016 -0.3937008 74.80315 7.086614 -0.3937008 75.59055 7.874016 -0.3937008 7.874016 27.46063 -0.3937008 7.874016 7.086614 -0.3937008 7.086614 27.46063 -0.3937008 74.80315 28.24803 -0.3937008 7.086614 7.086614 -0.3937008 75.59055 7.086614 -0.3937008 7.086614 28.24803 -0.3937008 7.086614 28.24803 -0.3937008 75.59055 7.874016 -0.3937008 74.80315 7.874016 -0.3937008 7.874016 27.46063 -0.3937008 74.80315 27.46063 -0.3937008 7.874016 7.086614 0 75.59055 7.086614 -0.3937008 7.086614 7.086614 -0.3937008 75.59055 7.086614 0 7.086614 7.086614 0 7.086614 7.086614 0 75.59055 7.086614 -0.3937008 7.086614 7.086614 -0.3937008 75.59055 7.086614 0 75.59055 7.086614 0 7.086614 28.24803 0 7.086614 7.086614 -0.3937008 7.086614 7.086614 0 7.086614 28.24803 -0.3937008 7.086614 28.24803 -0.3937008 7.086614 28.24803 0 7.086614 7.086614 -0.3937008 7.086614 7.086614 0 7.086614 28.24803 0 7.086614 28.24803 0 7.086614 28.24803 -0.3937008 75.59055 28.24803 -0.3937008 7.086614 28.24803 0 75.59055 28.24803 0 75.59055 28.24803 0 7.086614 28.24803 -0.3937008 75.59055 28.24803 -0.3937008 7.086614 28.24803 0 75.59055 28.24803 -0.3937008 75.59055 7.086614 0 75.59055 7.086614 -0.3937008 75.59055 28.24803 0 75.59055 28.24803 0 75.59055 28.24803 -0.3937008 75.59055 7.086614 0 75.59055 7.086614 -0.3937008 75.59055</float_array>
                    <technique_common>
                        <accessor count="60" source="#ID172" stride="3">
                            <param name="X" type="float" />
                            <param name="Y" type="float" />
                            <param name="Z" type="float" />
                        </accessor>
                    </technique_common>
                </source>
                <source id="ID169">
                    <float_array id="ID173" count="180">0 -1 0 0 -1 0 0 -1 0 0 -1 0 0 -1 0 0 -1 0 0 -1 0 0 -1 0 -0 1 -0 -0 1 -0 -0 1 -0 -0 1 -0 -0 1 -0 -0 1 -0 -0 1 -0 -0 1 -0 0 0 0 0 0 0 0 0 0 0 0 0 0 0 0 0 0 0 0 0 0 0 0 0 -1 -0 -0 -1 -0 -0 -1 -0 -0 -1 -0 -0 1 0 0 1 0 0 1 0 0 1 0 0 0 0 0 0 0 0 0 0 -1 0 0 -1 0 0 -1 0 0 -1 -0 -0 1 -0 -0 1 -0 -0 1 -0 -0 1 0 0 0 1 0 0 1 0 0 1 0 0 1 0 0 -1 -0 -0 -1 -0 -0 -1 -0 -0 -1 -0 -0 0 0 0 0 0 1 0 0 1 0 0 1 0 0 1 -0 -0 -1 -0 -0 -1 -0 -0 -1 -0 -0 -1</float_array>
                    <technique_common>
                        <accessor count="60" source="#ID173" stride="3">
                            <param name="X" type="float" />
                            <param name="Y" type="float" />
                            <param name="Z" type="float" />
                        </accessor>
                    </technique_common>
                </source>
                <source id="ID170">
                    <Name_array id="ID174" count="0" />
                    <technique_common>
                        <accessor count="0" source="#ID174" stride="1">
                            <param name="skp_material" type="Name" />
                        </accessor>
                    </technique_common>
                </source>
                <vertices id="ID171">
                    <input semantic="POSITION" source="#ID168" />
                    <input semantic="NORMAL" source="#ID169" />
                </vertices>
                <triangles count="16" material="Material2">
                    <input offset="0" semantic="VERTEX" source="#ID171" />
                    <p>0 1 2 1 0 3 1 3 4 4 3 5 2 6 7 6 2 1 7 6 5 7 5 3 24 25 26 25 24 27 34 35 36 35 34 37 43 44 45 44 43 46 52 53 54 53 52 55</p>
                </triangles>
                <triangles count="16" material="Material3">
                    <input offset="0" semantic="VERTEX" source="#ID171" />
                    <p>8 9 10 9 11 10 12 13 11 10 11 13 9 8 14 14 8 12 8 15 12 13 12 15 28 29 30 31 30 29 38 39 40 41 40 39 47 48 49 50 49 48 56 57 58 59 58 57</p>
                </triangles>
                <lines count="16" material="Material4">
                    <input offset="0" semantic="VERTEX" source="#ID171" />
                    <p>16 17 17 18 18 19 19 16 20 21 22 20 23 22 21 23 32 33 33 17 32 16 33 42 42 18 42 51 51 19 51 32</p>
                </lines>
            </mesh>
        </geometry>
        <geometry id="ID176">
            <mesh>
                <source id="ID177">
                    <float_array id="ID181" count="168">19.58661 0 66.92913 0 0 0 19.58661 0 0 0 0 66.92913 0 0 66.92913 19.58661 0 66.92913 0 0 0 19.58661 0 0 0 0 0 19.58661 0 0 19.58661 0 66.92913 0 0 66.92913 19.58661 0.7874016 0 0 0 0 0 0.7874016 0 19.58661 0 0 19.58661 0 0 19.58661 0.7874016 0 0 0 0 0 0.7874016 0 0 0.7874016 0 19.58661 0.7874016 0 19.58661 0.7874016 0 19.58661 0 66.92913 19.58661 0 0 19.58661 0.7874016 66.92913 19.58661 0.7874016 66.92913 19.58661 0.7874016 0 19.58661 0 66.92913 19.58661 0 0 19.58661 0.7874016 66.92913 19.58661 0 66.92913 0 0.7874016 66.92913 0 0 66.92913 19.58661 0.7874016 66.92913 19.58661 0.7874016 66.92913 19.58661 0 66.92913 0 0.7874016 66.92913 0 0 66.92913 0 0.7874016 66.92913 0 0.7874016 66.92913 0 0 0 0 0 66.92913 0 0.7874016 0 0 0.7874016 0 0 0.7874016 66.92913 0 0 0 0 0 66.92913 0 0.7874016 66.92913 19.58661 0.7874016 0 0 0.7874016 0 19.58661 0.7874016 66.92913 19.58661 0.7874016 66.92913 0 0.7874016 66.92913 19.58661 0.7874016 0 0 0.7874016 0</float_array>
                    <technique_common>
                        <accessor count="56" source="#ID181" stride="3">
                            <param name="X" type="float" />
                            <param name="Y" type="float" />
                            <param name="Z" type="float" />
                        </accessor>
                    </technique_common>
                </source>
                <source id="ID178">
                    <float_array id="ID182" count="168">0 -1 0 0 -1 0 0 -1 0 0 -1 0 -0 1 -0 -0 1 -0 -0 1 -0 -0 1 -0 0 0 0 0 0 0 0 0 0 0 0 0 0 0 -1 0 0 -1 0 0 -1 0 0 -1 -0 -0 1 -0 -0 1 -0 -0 1 -0 -0 1 0 0 0 0 0 0 1 0 0 1 0 0 1 0 0 1 0 0 -1 -0 -0 -1 -0 -0 -1 -0 -0 -1 -0 -0 0 0 0 0 0 1 0 0 1 0 0 1 0 0 1 -0 -0 -1 -0 -0 -1 -0 -0 -1 -0 -0 -1 0 0 0 -1 -0 -0 -1 -0 -0 -1 -0 -0 -1 -0 -0 1 0 0 1 0 0 1 0 0 1 0 0 0 1 0 0 1 0 0 1 0 0 1 0 -0 -1 -0 -0 -1 -0 -0 -1 -0 -0 -1 -0</float_array>
                    <technique_common>
                        <accessor count="56" source="#ID182" stride="3">
                            <param name="X" type="float" />
                            <param name="Y" type="float" />
                            <param name="Z" type="float" />
                        </accessor>
                    </technique_common>
                </source>
                <source id="ID179">
                    <Name_array id="ID183" count="0" />
                    <technique_common>
                        <accessor count="0" source="#ID183" stride="1">
                            <param name="skp_material" type="Name" />
                        </accessor>
                    </technique_common>
                </source>
                <vertices id="ID180">
                    <input semantic="POSITION" source="#ID177" />
                    <input semantic="NORMAL" source="#ID178" />
                </vertices>
                <triangles count="24" material="Material2">
                    <input offset="0" semantic="VERTEX" source="#ID180" />
                    <p>0 1 2 1 0 3 4 5 6 7 6 5 12 13 14 13 12 15 16 17 18 19 18 17 22 23 24 23 22 25 26 27 28 29 28 27 31 32 33 32 31 34 35 36 37 38 37 36 40 41 42 41 40 43 44 45 46 47 46 45 48 49 50 49 48 51 52 53 54 55 54 53</p>
                </triangles>
                <lines count="12" material="Material3">
                    <input offset="0" semantic="VERTEX" source="#ID180" />
                    <p>8 9 9 10 10 11 11 8 8 20 20 21 9 21 21 30 10 30 30 39 11 39 39 20</p>
                </lines>
            </mesh>
        </geometry>
        <geometry id="ID186">
            <mesh>
                <source id="ID187">
                    <float_array id="ID191" count="240">35.33465 0 0 35.33465 0.7874016 0 5.222489e-12 0 0 0 0.7874016 0 35.33465 0.7874016 0 5.222489e-12 0 0 0 0.7874016 0 35.33465 0 0 0 0.7874016 0 5.222489e-12 0 0 35.33465 0.7874016 0 35.33465 0 0 0 0.7874016 0 0 0.7874016 82.67717 5.222489e-12 0 0 5.222489e-12 0 82.67717 0 0.7874016 82.67717 5.222489e-12 0 0 5.222489e-12 0 82.67717 0 0.7874016 0 5.222489e-12 0 82.67717 0 0.7874016 82.67717 0 0.7874016 82.67717 27.46063 0.7874016 74.80315 35.33465 0.7874016 82.67717 27.46063 0.7874016 7.874016 7.874016 0.7874016 7.874016 35.33465 0.7874016 0 7.874016 0.7874016 74.80315 0 0.7874016 0 0 0.7874016 0 7.874016 0.7874016 7.874016 35.33465 0.7874016 0 0 0.7874016 82.67717 7.874016 0.7874016 74.80315 27.46063 0.7874016 74.80315 27.46063 0.7874016 7.874016 35.33465 0.7874016 82.67717 35.33465 0.7874016 82.67717 7.874016 0.7874016 74.80315 7.874016 0.7874016 7.874016 27.46063 0.7874016 7.874016 27.46063 0.7874016 74.80315 35.33465 0.7874016 82.67717 35.33465 0.7874016 0 35.33465 0 82.67717 35.33465 0 0 35.33465 0.7874016 0 35.33465 0 82.67717 35.33465 0 0 35.33465 0.7874016 82.67717 35.33465 0 82.67717 35.33465 0 82.67717 7.086614 0 75.59055 5.222489e-12 0 82.67717 7.086614 0 7.086614 28.24803 0 7.086614 5.222489e-12 0 0 28.24803 0 75.59055 35.33465 0 0 35.33465 0 0 28.24803 0 7.086614 5.222489e-12 0 0 35.33465 0 82.67717 28.24803 0 75.59055 7.086614 0 75.59055 7.086614 0 7.086614 5.222489e-12 0 82.67717 7.086614 0 75.59055 7.086614 0 7.086614 28.24803 0 75.59055 28.24803 0 7.086614 35.33465 0 82.67717 5.222489e-12 0 82.67717 35.33465 0.7874016 82.67717 0 0.7874016 82.67717 5.222489e-12 0 82.67717 35.33465 0.7874016 82.67717 0 0.7874016 82.67717 35.33465 0 82.67717</float_array>
                    <technique_common>
                        <accessor count="80" source="#ID191" stride="3">
                            <param name="X" type="float" />
                            <param name="Y" type="float" />
                            <param name="Z" type="float" />
                        </accessor>
                    </technique_common>
                </source>
                <source id="ID188">
                    <float_array id="ID192" count="240">0 0 -1 0 0 -1 0 0 -1 0 0 -1 -0 -0 1 -0 -0 1 -0 -0 1 -0 -0 1 0 0 0 0 0 0 0 0 0 0 0 0 -1 -6.632561e-12 -0 -1 -6.632561e-12 -0 -1 -6.632561e-12 -0 -1 -6.632561e-12 -0 1 6.632561e-12 0 1 6.632561e-12 0 1 6.632561e-12 0 1 6.632561e-12 0 0 0 0 0 0 0 0 1 0 0 1 0 0 1 0 0 1 0 0 1 0 0 1 0 0 1 0 0 1 0 -0 -1 -0 -0 -1 -0 -0 -1 -0 -0 -1 -0 -0 -1 -0 -0 -1 -0 -0 -1 -0 -0 -1 -0 0 0 0 0 0 0 0 0 0 0 0 0 0 0 0 1 0 0 1 0 0 1 0 0 1 0 0 -1 -0 -0 -1 -0 -0 -1 -0 -0 -1 -0 -0 0 0 0 -0 -1 -0 -0 -1 -0 -0 -1 -0 -0 -1 -0 -0 -1 -0 -0 -1 -0 -0 -1 -0 -0 -1 -0 0 1 0 0 1 0 0 1 0 0 1 0 0 1 0 0 1 0 0 1 0 0 1 0 0 0 0 0 0 0 0 0 0 0 0 0 0 0 1 0 0 1 0 0 1 0 0 1 -0 -0 -1 -0 -0 -1 -0 -0 -1 -0 -0 -1</float_array>
                    <technique_common>
                        <accessor count="80" source="#ID192" stride="3">
                            <param name="X" type="float" />
                            <param name="Y" type="float" />
                            <param name="Z" type="float" />
                        </accessor>
                    </technique_common>
                </source>
                <source id="ID189">
                    <Name_array id="ID193" count="0" />
                    <technique_common>
                        <accessor count="0" source="#ID193" stride="1">
                            <param name="skp_material" type="Name" />
                        </accessor>
                    </technique_common>
                </source>
                <vertices id="ID190">
                    <input semantic="POSITION" source="#ID187" />
                    <input semantic="NORMAL" source="#ID188" />
                </vertices>
                <triangles count="24" material="Material2">
                    <input offset="0" semantic="VERTEX" source="#ID190" />
                    <p>0 1 2 3 2 1 12 13 14 15 14 13 22 23 24 23 25 24 26 27 25 24 25 27 23 22 28 28 22 26 22 29 26 27 26 29 43 44 45 46 45 44 52 53 54 53 55 54 56 57 55 54 55 57 53 52 58 58 52 56 52 59 56 57 56 59 72 73 74 75 74 73</p>
                </triangles>
                <triangles count="24" material="Material3">
                    <input offset="0" semantic="VERTEX" source="#ID190" />
                    <p>4 5 6 5 4 7 16 17 18 17 16 19 30 31 32 31 30 33 31 33 34 34 33 35 32 36 37 36 32 31 37 36 35 37 35 33 47 48 49 48 47 50 60 61 62 61 60 63 61 63 64 64 63 65 62 66 67 66 62 61 67 66 65 67 65 63 76 77 78 77 76 79</p>
                </triangles>
                <lines count="20" material="Material4">
                    <input offset="0" semantic="VERTEX" source="#ID190" />
                    <p>8 9 10 8 11 10 9 11 9 20 21 20 8 21 38 21 10 38 39 40 40 41 41 42 42 39 51 38 11 51 20 51 68 69 70 68 71 70 69 71</p>
                </lines>
            </mesh>
        </geometry>
        <geometry id="ID194">
            <mesh>
                <source id="ID195">
                    <float_array id="ID199" count="120">7.874016 0.7874016 74.80315 7.874016 0.7874016 7.874016 7.874016 -0.3937008 74.80315 7.874016 -0.3937008 7.874016 7.874016 0.7874016 7.874016 7.874016 -0.3937008 74.80315 7.874016 -0.3937008 7.874016 7.874016 0.7874016 74.80315 7.874016 -0.3937008 74.80315 7.874016 0.7874016 74.80315 7.874016 -0.3937008 7.874016 7.874016 0.7874016 7.874016 27.46063 -0.3937008 74.80315 27.46063 0.7874016 74.80315 7.874016 -0.3937008 74.80315 7.874016 0.7874016 74.80315 27.46063 0.7874016 74.80315 7.874016 -0.3937008 74.80315 7.874016 0.7874016 74.80315 27.46063 -0.3937008 74.80315 27.46063 -0.3937008 74.80315 27.46063 0.7874016 74.80315 27.46063 0.7874016 7.874016 27.46063 -0.3937008 7.874016 7.874016 0.7874016 7.874016 7.874016 -0.3937008 7.874016 27.46063 -0.3937008 7.874016 7.874016 0.7874016 7.874016 7.874016 -0.3937008 7.874016 27.46063 0.7874016 7.874016 27.46063 -0.3937008 7.874016 27.46063 0.7874016 7.874016 27.46063 0.7874016 7.874016 27.46063 0.7874016 74.80315 27.46063 -0.3937008 7.874016 27.46063 -0.3937008 74.80315 27.46063 0.7874016 74.80315 27.46063 -0.3937008 7.874016 27.46063 -0.3937008 74.80315 27.46063 0.7874016 7.874016</float_array>
                    <technique_common>
                        <accessor count="40" source="#ID199" stride="3">
                            <param name="X" type="float" />
                            <param name="Y" type="float" />
                            <param name="Z" type="float" />
                        </accessor>
                    </technique_common>
                </source>
                <source id="ID196">
                    <float_array id="ID200" count="120">1 0 0 1 0 0 1 0 0 1 0 0 -1 -0 -0 -1 -0 -0 -1 -0 -0 -1 -0 -0 0 0 0 0 0 0 0 0 0 0 0 0 -0 -0 -1 -0 -0 -1 -0 -0 -1 -0 -0 -1 0 0 1 0 0 1 0 0 1 0 0 1 0 0 0 0 0 0 0 0 1 0 0 1 0 0 1 0 0 1 -0 -0 -1 -0 -0 -1 -0 -0 -1 -0 -0 -1 0 0 0 0 0 0 -1 0 0 -1 0 0 -1 0 0 -1 0 0 1 -0 -0 1 -0 -0 1 -0 -0 1 -0 -0</float_array>
                    <technique_common>
                        <accessor count="40" source="#ID200" stride="3">
                            <param name="X" type="float" />
                            <param name="Y" type="float" />
                            <param name="Z" type="float" />
                        </accessor>
                    </technique_common>
                </source>
                <source id="ID197">
                    <Name_array id="ID201" count="0" />
                    <technique_common>
                        <accessor count="0" source="#ID201" stride="1">
                            <param name="skp_material" type="Name" />
                        </accessor>
                    </technique_common>
                </source>
                <vertices id="ID198">
                    <input semantic="POSITION" source="#ID195" />
                    <input semantic="NORMAL" source="#ID196" />
                </vertices>
                <triangles count="8" material="Material2">
                    <input offset="0" semantic="VERTEX" source="#ID198" />
                    <p>0 1 2 3 2 1 12 13 14 15 14 13 22 23 24 25 24 23 32 33 34 35 34 33</p>
                </triangles>
                <triangles count="8" material="Material3">
                    <input offset="0" semantic="VERTEX" source="#ID198" />
                    <p>4 5 6 5 4 7 16 17 18 17 16 19 26 27 28 27 26 29 36 37 38 37 36 39</p>
                </triangles>
                <lines count="12" material="Material4">
                    <input offset="0" semantic="VERTEX" source="#ID198" />
                    <p>8 9 8 10 10 11 9 11 20 21 20 8 21 9 10 30 30 31 11 31 30 20 31 21</p>
                </lines>
            </mesh>
        </geometry>
        <geometry id="ID202">
            <mesh>
                <source id="ID203">
                    <float_array id="ID207" count="180">28.24803 -0.3937008 75.59055 7.874016 -0.3937008 74.80315 7.086614 -0.3937008 75.59055 7.874016 -0.3937008 7.874016 27.46063 -0.3937008 7.874016 7.086614 -0.3937008 7.086614 27.46063 -0.3937008 74.80315 28.24803 -0.3937008 7.086614 28.24803 -0.3937008 7.086614 27.46063 -0.3937008 7.874016 7.086614 -0.3937008 7.086614 28.24803 -0.3937008 75.59055 27.46063 -0.3937008 74.80315 7.874016 -0.3937008 74.80315 7.874016 -0.3937008 7.874016 7.086614 -0.3937008 75.59055 7.086614 -0.3937008 75.59055 7.086614 -0.3937008 7.086614 28.24803 -0.3937008 7.086614 28.24803 -0.3937008 75.59055 7.874016 -0.3937008 74.80315 7.874016 -0.3937008 7.874016 27.46063 -0.3937008 74.80315 27.46063 -0.3937008 7.874016 7.086614 0 7.086614 7.086614 0 75.59055 7.086614 -0.3937008 7.086614 7.086614 -0.3937008 75.59055 7.086614 0 75.59055 7.086614 -0.3937008 7.086614 7.086614 -0.3937008 75.59055 7.086614 0 7.086614 7.086614 0 75.59055 7.086614 0 7.086614 28.24803 -0.3937008 7.086614 28.24803 0 7.086614 7.086614 -0.3937008 7.086614 7.086614 0 7.086614 28.24803 0 7.086614 7.086614 -0.3937008 7.086614 7.086614 0 7.086614 28.24803 -0.3937008 7.086614 28.24803 0 7.086614 28.24803 0 75.59055 28.24803 0 7.086614 28.24803 -0.3937008 75.59055 28.24803 -0.3937008 7.086614 28.24803 0 7.086614 28.24803 -0.3937008 75.59055 28.24803 -0.3937008 7.086614 28.24803 0 75.59055 28.24803 0 75.59055 28.24803 0 75.59055 28.24803 -0.3937008 75.59055 7.086614 0 75.59055 7.086614 -0.3937008 75.59055 28.24803 -0.3937008 75.59055 7.086614 0 75.59055 7.086614 -0.3937008 75.59055 28.24803 0 75.59055</float_array>
                    <technique_common>
                        <accessor count="60" source="#ID207" stride="3">
                            <param name="X" type="float" />
                            <param name="Y" type="float" />
                            <param name="Z" type="float" />
                        </accessor>
                    </technique_common>
                </source>
                <source id="ID204">
                    <float_array id="ID208" count="180">0 -1 0 0 -1 0 0 -1 0 0 -1 0 0 -1 0 0 -1 0 0 -1 0 0 -1 0 -0 1 -0 -0 1 -0 -0 1 -0 -0 1 -0 -0 1 -0 -0 1 -0 -0 1 -0 -0 1 -0 0 0 0 0 0 0 0 0 0 0 0 0 0 0 0 0 0 0 0 0 0 0 0 0 -1 -0 -0 -1 -0 -0 -1 -0 -0 -1 -0 -0 1 0 0 1 0 0 1 0 0 1 0 0 0 0 0 0 0 0 0 0 -1 0 0 -1 0 0 -1 0 0 -1 -0 -0 1 -0 -0 1 -0 -0 1 -0 -0 1 0 0 0 1 0 0 1 0 0 1 0 0 1 0 0 -1 -0 -0 -1 -0 -0 -1 -0 -0 -1 -0 -0 0 0 0 0 0 1 0 0 1 0 0 1 0 0 1 -0 -0 -1 -0 -0 -1 -0 -0 -1 -0 -0 -1</float_array>
                    <technique_common>
                        <accessor count="60" source="#ID208" stride="3">
                            <param name="X" type="float" />
                            <param name="Y" type="float" />
                            <param name="Z" type="float" />
                        </accessor>
                    </technique_common>
                </source>
                <source id="ID205">
                    <Name_array id="ID209" count="0" />
                    <technique_common>
                        <accessor count="0" source="#ID209" stride="1">
                            <param name="skp_material" type="Name" />
                        </accessor>
                    </technique_common>
                </source>
                <vertices id="ID206">
                    <input semantic="POSITION" source="#ID203" />
                    <input semantic="NORMAL" source="#ID204" />
                </vertices>
                <triangles count="16" material="Material2">
                    <input offset="0" semantic="VERTEX" source="#ID206" />
                    <p>0 1 2 1 3 2 4 5 3 2 3 5 1 0 6 6 0 4 0 7 4 5 4 7 24 25 26 27 26 25 34 35 36 37 36 35 43 44 45 46 45 44 52 53 54 55 54 53</p>
                </triangles>
                <triangles count="16" material="Material3">
                    <input offset="0" semantic="VERTEX" source="#ID206" />
                    <p>8 9 10 9 8 11 9 11 12 12 11 13 10 14 15 14 10 9 15 14 13 15 13 11 28 29 30 29 28 31 38 39 40 39 38 41 47 48 49 48 47 50 56 57 58 57 56 59</p>
                </triangles>
                <lines count="16" material="Material4">
                    <input offset="0" semantic="VERTEX" source="#ID206" />
                    <p>16 17 17 18 18 19 19 16 20 21 22 20 23 22 21 23 32 33 33 17 32 16 33 42 42 18 42 51 51 19 51 32</p>
                </lines>
            </mesh>
        </geometry>
        <geometry id="ID211">
            <mesh>
                <source id="ID212">
                    <float_array id="ID216" count="168">0 0 66.92913 19.58661 0 66.92913 0 0 0 19.58661 0 0 19.58661 0 66.92913 0 0 0 19.58661 0 0 0 0 66.92913 0 0 0 19.58661 0 0 19.58661 0 66.92913 0 0 66.92913 19.58661 0 0 19.58661 0.7874016 0 0 0 0 0 0.7874016 0 19.58661 0.7874016 0 0 0 0 0 0.7874016 0 19.58661 0 0 0 0.7874016 0 19.58661 0.7874016 0 19.58661 0.7874016 66.92913 19.58661 0.7874016 0 19.58661 0 66.92913 19.58661 0 0 19.58661 0.7874016 0 19.58661 0 66.92913 19.58661 0 0 19.58661 0.7874016 66.92913 19.58661 0.7874016 66.92913 19.58661 0.7874016 66.92913 19.58661 0 66.92913 0 0.7874016 66.92913 0 0 66.92913 19.58661 0 66.92913 0 0.7874016 66.92913 0 0 66.92913 19.58661 0.7874016 66.92913 0 0.7874016 66.92913 0 0.7874016 0 0 0.7874016 66.92913 0 0 0 0 0 66.92913 0 0.7874016 66.92913 0 0 0 0 0 66.92913 0 0.7874016 0 19.58661 0.7874016 66.92913 0 0.7874016 66.92913 19.58661 0.7874016 0 0 0.7874016 0 0 0.7874016 66.92913 19.58661 0.7874016 0 0 0.7874016 0 19.58661 0.7874016 66.92913</float_array>
                    <technique_common>
                        <accessor count="56" source="#ID216" stride="3">
                            <param name="X" type="float" />
                            <param name="Y" type="float" />
                            <param name="Z" type="float" />
                        </accessor>
                    </technique_common>
                </source>
                <source id="ID213">
                    <float_array id="ID217" count="168">0 -1 0 0 -1 0 0 -1 0 0 -1 0 -0 1 -0 -0 1 -0 -0 1 -0 -0 1 -0 0 0 0 0 0 0 0 0 0 0 0 0 0 0 -1 0 0 -1 0 0 -1 0 0 -1 -0 -0 1 -0 -0 1 -0 -0 1 -0 -0 1 0 0 0 0 0 0 1 0 0 1 0 0 1 0 0 1 0 0 -1 -0 -0 -1 -0 -0 -1 -0 -0 -1 -0 -0 0 0 0 0 0 1 0 0 1 0 0 1 0 0 1 -0 -0 -1 -0 -0 -1 -0 -0 -1 -0 -0 -1 0 0 0 -1 -0 -0 -1 -0 -0 -1 -0 -0 -1 -0 -0 1 0 0 1 0 0 1 0 0 1 0 0 0 1 0 0 1 0 0 1 0 0 1 0 -0 -1 -0 -0 -1 -0 -0 -1 -0 -0 -1 -0</float_array>
                    <technique_common>
                        <accessor count="56" source="#ID217" stride="3">
                            <param name="X" type="float" />
                            <param name="Y" type="float" />
                            <param name="Z" type="float" />
                        </accessor>
                    </technique_common>
                </source>
                <source id="ID214">
                    <Name_array id="ID218" count="0" />
                    <technique_common>
                        <accessor count="0" source="#ID218" stride="1">
                            <param name="skp_material" type="Name" />
                        </accessor>
                    </technique_common>
                </source>
                <vertices id="ID215">
                    <input semantic="POSITION" source="#ID212" />
                    <input semantic="NORMAL" source="#ID213" />
                </vertices>
                <triangles count="24" material="Material2">
                    <input offset="0" semantic="VERTEX" source="#ID215" />
                    <p>0 1 2 3 2 1 4 5 6 5 4 7 12 13 14 15 14 13 16 17 18 17 16 19 22 23 24 25 24 23 26 27 28 27 26 29 31 32 33 34 33 32 35 36 37 36 35 38 40 41 42 43 42 41 44 45 46 45 44 47 48 49 50 51 50 49 52 53 54 53 52 55</p>
                </triangles>
                <lines count="12" material="Material3">
                    <input offset="0" semantic="VERTEX" source="#ID215" />
                    <p>8 9 9 10 10 11 11 8 8 20 20 21 9 21 21 30 10 30 30 39 11 39 39 20</p>
                </lines>
            </mesh>
        </geometry>
    </library_geometries>
    <library_materials>
        <material id="ID6" name="material">
            <instance_effect url="#ID5" />
        </material>
        <material id="ID12" name="material_0">
            <instance_effect url="#ID11" />
        </material>
        <material id="ID13" name="edge_color000255">
            <instance_effect url="#ID14" />
        </material>
        <material id="ID103" name="Translucent_Glass_Gray">
            <instance_effect url="#ID104" />
        </material>
        <material id="ID109" name="edge_color128128128255">
            <instance_effect url="#ID110" />
        </material>
    </library_materials>
    <library_effects>
        <effect id="ID5">
            <profile_COMMON>
                <technique sid="COMMON">
                    <lambert>
                        <diffuse>
                            <color>1 1 1 1</color>
                        </diffuse>
                    </lambert>
                </technique>
            </profile_COMMON>
        </effect>
        <effect id="ID11">
            <profile_COMMON>
                <technique sid="COMMON">
                    <lambert>
                        <diffuse>
                            <color>0.6431373 0.6980392 0.7333333 1</color>
                        </diffuse>
                    </lambert>
                </technique>
            </profile_COMMON>
        </effect>
        <effect id="ID14">
            <profile_COMMON>
                <technique sid="COMMON">
                    <constant>
                        <transparent opaque="A_ONE">
                            <color>0 0 0 1</color>
                        </transparent>
                        <transparency>
                            <float>1</float>
                        </transparency>
                    </constant>
                </technique>
            </profile_COMMON>
        </effect>
        <effect id="ID104">
            <profile_COMMON>
                <technique sid="COMMON">
                    <lambert>
                        <diffuse>
                            <color>0.5019608 0.5019608 0.5019608 0.5019608</color>
                        </diffuse>
                        <transparent opaque="RGB_ZERO">
                            <color>0.4980392 0.4980392 0.4980392 0.4980392</color>
                        </transparent>
                        <transparency>
                            <float>1</float>
                        </transparency>
                    </lambert>
                </technique>
            </profile_COMMON>
        </effect>
        <effect id="ID110">
            <profile_COMMON>
                <technique sid="COMMON">
                    <constant>
                        <transparent opaque="A_ONE">
                            <color>0.5019608 0.5019608 0.5019608 1</color>
                        </transparent>
                        <transparency>
                            <float>1</float>
                        </transparency>
                    </constant>
                </technique>
            </profile_COMMON>
        </effect>
    </library_effects>
    <scene>
        <instance_visual_scene url="#ID2" />
    </scene>
</COLLADA>
